participant.id_in_session,participant.code,participant.label,participant._is_bot,participant._index_in_pages,participant._max_page_index,participant._current_app_name,participant._current_page_name,participant.time_started_utc,participant.visited,participant.mturk_worker_id,participant.mturk_assignment_id,participant.payoff,participant.associations,session.code,session.label,session.mturk_HITId,session.mturk_HITGroupId,session.comment,session.is_demo,session.config.real_world_currency_per_point,session.config.prolific_completion_link,session.config.recaptcha_site_key,session.config.prolific_no_consent_link,session.config.name,session.config.recaptcha_secret_key,session.config.participation_fee,_1_consent.1.player.id_in_group,_1_consent.1.player.role,_1_consent.1.player.payoff,_1_consent.1.player.consent,_1_consent.1.group.id_in_subsession,_1_consent.1.subsession.round_number,_2_main.1.player.id_in_group,_2_main.1.player.role,_2_main.1.player.payoff,_2_main.1.player.association1,_2_main.1.player.association2,_2_main.1.player.association3,_2_main.1.player.association4,_2_main.1.player.association5,_2_main.1.group.id_in_subsession,_2_main.1.subsession.round_number,_2_main.1.subsession.prolific_completion_link,_2_main.1.subsession.prolific_no_consent_link,_3_exit_questions.1.player.id_in_group,_3_exit_questions.1.player.role,_3_exit_questions.1.player.payoff,_3_exit_questions.1.player.ai_trust,_3_exit_questions.1.player.ai_risk,_3_exit_questions.1.player.daily_ai_use,_3_exit_questions.1.player.ai_expertise,_3_exit_questions.1.player.ai_expertise_justification,_3_exit_questions.1.group.id_in_subsession,_3_exit_questions.1.subsession.round_number,_4_demographics.1.player.id_in_group,_4_demographics.1.player.role,_4_demographics.1.player.payoff,_4_demographics.1.player.age,_4_demographics.1.player.gender,_4_demographics.1.player.gender_self_describe,_4_demographics.1.player.illusion_response,_4_demographics.1.group.id_in_subsession,_4_demographics.1.subsession.round_number,_5_feedback.1.player.id_in_group,_5_feedback.1.player.role,_5_feedback.1.player.payoff,_5_feedback.1.player.srsi_use_me,_5_feedback.1.player.srsi_use_me_justification,_5_feedback.1.player.ai_use,_5_feedback.1.player.feedback,_5_feedback.1.player.check,_5_feedback.1.player.prolific_id,_5_feedback.1.player.recaptcha_token,_5_feedback.1.player.recaptcha_score,_5_feedback.1.group.id_in_subsession,_5_feedback.1.subsession.round_number
1,vvv59zr0,628f83dc5398c04bac86f9e6,0,16,16,_5_feedback,p13_thanks,2025-10-16 13:59:18.052570,1,,,0.0,"{'association1': 'reliable', 'association2': 'fast', 'association3': 'convenient', 'association4': 'striking', 'association5': 'engaging'}",35yjmge4,,,,,0,1.0,https://app.prolific.com/submissions/complete?cc=C1BZPBSV,6Lfx--MrAAAAAO7TIvOcC7Mbm0iTZykUY6zx4v0t,https://app.prolific.com/submissions/complete?cc=C3YAIOZN,ai_fat_2025,6Lfx--MrAAAAAECmXjGWwC2UlbmtcxYOCWQKUWqp,0.0,1,,0.0,1,1,1,1,,0.0,reliable,fast,convenient,striking,engaging,1,1,https://app.prolific.com/submissions/complete?cc=C1BZPBSV,https://app.prolific.com/submissions/complete?cc=C3YAIOZN,1,,0.0,8,6,7,7,So I work with AI a lot not as much for my regular job as a teacher but for side stuff. ,1,1,1,,0.0,40,male,,duck,1,1,1,,0.0,yes,,yes,none,,628f83dc5398c04bac86f9e6,0cAFcWeA5ANNFcv0mXIpyNrPo5Jad-fkoFzw5rZF5kIg4YtDA2h0OXRqbJt13YAFoIfT8xDlSJS2THvFJ4kP4V9rHEIeXF7WpXIcHyULImk243TjILp4NUeo_JNPd0SgmWCwAQu8krgxW4Wg5SZyVl8duvf018gwLCWY1zcCr9mnENxLBcf9KUKyg-9FgwPAcQHtd_SX7yz_cGB6e4QVYwQ3a_Y2jdAROOpsEkUuAFepDPyJDBokPVE7S38H2r-srs-00bCdH5BgcmHrAqMd1lF23cYsDZxgvyozsQq_6CunLf5EEpXq-xQvrmDT_k9XysD6YmlW5iEgTzMFAHvn9gbFEsERaZ7fqsGqDxMajGWrgpYfyh7r3D2rDvOm0oMr_QJDtu7d4nHo5JTt5TQRrP5GJpJC2jLZRceg6vT1MZ4WEqYYnBezFOnwX-RLPUKQ_z8MGqNJDOewJoVoqvFBzWNxkCYE9uIMxBAakW37616y9fC-5i6sQIrXzcd_gixyjOdKr8DUSn6zBHsCkqRHJqdk8cYY6HBQkf25rrdf2VJ_tnwxM780bt7D4YnnfYWOPTpbpbFYNkLZT6Z-HoUGdHNZBySRTtaNx4wq-5LTW00GMOjsLBD02LGlpXproRHIfq-tpnR85n5F947fsnnYHuRddrqqg2tOIIDfT_Pgpy5KljHwQ8JqbC03irEXd8Si8X6Sqda1wYbK6EaDKYRRsWN5TF3BOJsKG0WWUWyR2XgEKZFLbFZg3pSWM9hMlKa5y7VFg4honaRdEXnb8T287bZrrl0BvZvzm4HQbYMoFDj4QVHicKUKehOe7zs5UNnZ5o9zfY3KFxRJsY2mxHUMj95b82qZT3bNLDUW9NTyVxx6SCHFfQv0mwR9zzKIp5sGsgfTDzul8EBaLkMUzNCBxkla8X6_RLvWKUqz7bZzKFR0bPU10ucqrFGovw3n5iU8Vf31f4vHmIoPA6vp7YxGDJ2yGzM1Bjwu9eCtdXnoopReaDb9acRzb_ssoSB_0M1R_Hff9-5Th0Ll5V5IdempMJOrglSazwggHMj2X5myJ96OJsJjGkx_CFBTqW9QZwxUBE9kPDz5AKoAtSeMsEFfH3WwUQNeOKMgOpo1C8bg_Sse1sgdvqrjsELE8BSUpD9NiRdWIk8S5UsPFIVbAFLAvjxaIgIlf_Y7_JRKXJPafop8Y6Kwnn7J3vkQMy0-6MXfDjCF_X0oE10TQRQIhOQlwQSWgr4lUzQjTQWr9k9JF1YI-RCxI-SgvY72AmScr-on5uPUn8SDVX--RcEauA18N9XglcwVmXFUjlF4bPV2phtJfi3AeyCH9Jmyb9RONOs-yLfgGWo4dDl1wb6Zkp_OSj2MQfF9dRc6qh7TY85cRy9M0yi5iUUwYp_HoWJHSJNnOYcQCNMfYKL0FvvWurj_IgaVR53mEZIiGyXuDF6E5lQAgetlLmc-bC7MQ_sAdlmh5y8ydnZXAjZfLOqY0b2ufjVsw54XQRkucqHIDhy69nQsXo_yN_gujLH2XD1TCw8HN1wPuczU-D97alsdoZpF3odtLrTiZfWSHHSoyiNCSiPhzdkgmBIah0VtwvkIrPW596nvyMp-1TvOw4AZUsD3_aih4LDnGXZxkCaA,0.9,1,1
2,o1tewpz9,55ed87f0748092000baa9a0b,0,16,16,_5_feedback,p13_thanks,2025-10-16 13:59:41.735543,1,,,0.0,"{'association1': 'cognition', 'association2': 'reasoning', 'association3': 'technology', 'association4': 'privacy', 'association5': 'security'}",35yjmge4,,,,,0,1.0,https://app.prolific.com/submissions/complete?cc=C1BZPBSV,6Lfx--MrAAAAAO7TIvOcC7Mbm0iTZykUY6zx4v0t,https://app.prolific.com/submissions/complete?cc=C3YAIOZN,ai_fat_2025,6Lfx--MrAAAAAECmXjGWwC2UlbmtcxYOCWQKUWqp,0.0,2,,0.0,1,1,1,2,,0.0,cognition,reasoning,technology,privacy,security,1,1,https://app.prolific.com/submissions/complete?cc=C1BZPBSV,https://app.prolific.com/submissions/complete?cc=C3YAIOZN,2,,0.0,5,8,10,7,I work with various forms of AI programming as a hobby. I am paid to train various kinds of AI.,1,1,2,,0.0,50,male,,duck,1,1,2,,0.0,yes,,yes,No comment,,55ed87f0748092000baa9a0b,0cAFcWeA5VlmPszPieDBhthScAnbsJZKzzjZeMoiBVjq7sZDk1RKXLt6iSwEMH842YoApfXi_yxpq7O9e-6wmwcbzAWWu9GUUlYmZZsWsLnvPPNfDod1NxaTJsHUPVGl5DeGUjqsbE-IIf2tNvVGU42LPniL0YAMjiyHnxFUr-R8GF-taHyQjYiSH1890gynAN8O3b_Ti3k1mTo3CBAxMZ_UaFQ02GoT93vT-eianaYr3iI20w_U2TZlce8KfG1g24zOSXKM__jMMYSAsq-ww1Y-eYqh5uekfmNAwMMld0AL98tMTC9qU8rck4MGgkoE4oN4NTdXmUa8dpGFUQb_y5H8_LdVceNcv1Jhd_hixraFLko_tbNLArrhTqekPWm60L5_2rmO_N3-jLescbYWU9S4GcQ7BnqS0Cstvv2k-BtF1nADeuathDv8Bxcio6Sl-1nl7EgKtraKVIzPHf0U_lGZKIqSshpco8NewUH5O4RcwoKi0qbOZbP_66y4tkRDiBPWry_FzJhzRxjiMMWSGIVs0ccrpMkx2Mxw0DfC8XYEq2-bJnTr1hl5szrTPpV4N1y8f-0BoN2pIT-0beSub2NceBOISugQ98e-G9bq8mz8JA-L_iN7LPGKIi_peSNvfuN5InR52UPa09kvBOxm50JCbamtgEbFx_MwsKhcdTAaBUVwHDHu3xp4ir9cq0015dOwZoUx1IW-rP7GrTF9yBe1leznb6RNdzUmShTLWuMf4RcwN5jGTvRAnwwdfkftu-pk1rsUtwKAR8J857f8Ui0v2YBSO7eozPVkX1gw1yh-Iihn_HPKSdFuwYBYh1kpPST1AwenBHICo1QjfCjdnZy1DrdcJH2ZBAj217_sBnv6S79-xI9SdfDpvXOMWF5W7zTD8m2a5E48SAvH9-CBmjywXTUJCkH4RxNhI7j1nR6IUslf56r9p_N5puExrh6OeHi2PYD18nKpO58bSPgLdL2qV1lClOrCvcwnWqfbiOXTOqoGVmBV4YUZvmSEH1n3zFzydmZrSJKK5i8Vj8eSwjHZy2rW0-y2jZiwiUICpXAORh0ncnMwG0urRe5Umjh6vsbap_gFsNFDT0lLsHhLwxw_kDr836zOrKI7_XEN9VvFSaBSdC0RG8dWN_uRyZ22UauO8wAU3acCpvK--W63wvblcMm7RsDx0lsFJtfLjLF01TLlZaPzl-0mbJtG8HbLsQ6BDJSOwR3i50qqsKbH6hffI1N5DxY-FBoikiiBVcTA3ve4NlueQpR2yCQ_Cwl6Dxykl7akIEClSFWMycWgbZNJajqdKlRFyFlNi86amAbW-QdSAQx5rOD0Wt6ycFB64X4VSkFNEOjGZ6IuHrBabVUNrORpFGwTt11LuVY_-DmFqs5X8UKNh0kvnY9mIp9pp5V0jD7j02TSU6KhS5LfdWVM2XBu2tIpl-V7wlmpOasVpeuqwvFNLBlroXIdZBc8A3PJ8ie6mfaoap6H7HcgCmNtaw20iS-lP-hB5eoIVs88t-NeG2UA_CD8jOpTB2rehZ1ib1ygnt-tNTmHj5hED5HrS-60cdfxSolDngGZdeYe-P2uy9CLUgh3aZdvq87sOFkY_FAPQoisbOpUabpBfwfswCDLLH9daZKpi3PXttAPsk7axFPImzNhWteBD1hk2ukcTS9eDwtQf4,0.9,1,1
3,t9s5s6a4,5fefefa4c9707d3516361c9c,0,3,16,_2_main,p1_associations,2025-10-16 13:59:42.032602,1,,,0.0,,35yjmge4,,,,,0,1.0,https://app.prolific.com/submissions/complete?cc=C1BZPBSV,6Lfx--MrAAAAAO7TIvOcC7Mbm0iTZykUY6zx4v0t,https://app.prolific.com/submissions/complete?cc=C3YAIOZN,ai_fat_2025,6Lfx--MrAAAAAECmXjGWwC2UlbmtcxYOCWQKUWqp,0.0,3,,0.0,1,1,1,3,,0.0,,,,,,1,1,https://app.prolific.com/submissions/complete?cc=C1BZPBSV,https://app.prolific.com/submissions/complete?cc=C3YAIOZN,3,,0.0,,,,,,1,1,3,,0.0,,,,,1,1,3,,0.0,,,,,,,,,1,1
4,ynd1a9u2,612fde55d251a3547b8e5766,0,16,16,_5_feedback,p13_thanks,2025-10-16 13:59:42.348762,1,,,0.0,"{'association1': 'Chat gpt', 'association2': 'Efficiency', 'association3': 'Smart', 'association4': 'Answers', 'association5': 'Technology '}",35yjmge4,,,,,0,1.0,https://app.prolific.com/submissions/complete?cc=C1BZPBSV,6Lfx--MrAAAAAO7TIvOcC7Mbm0iTZykUY6zx4v0t,https://app.prolific.com/submissions/complete?cc=C3YAIOZN,ai_fat_2025,6Lfx--MrAAAAAECmXjGWwC2UlbmtcxYOCWQKUWqp,0.0,4,,0.0,1,1,1,4,,0.0,Chat gpt,Efficiency,Smart,Answers,Technology ,1,1,https://app.prolific.com/submissions/complete?cc=C1BZPBSV,https://app.prolific.com/submissions/complete?cc=C3YAIOZN,4,,0.0,9,8,10,9,I use AI every day with my job and personal life. I love using it to understand my data,1,1,4,,0.0,32,male,,Duck ,1,1,4,,0.0,yes,,yes,N.a,,612fde55d251a3547b8e5766,0cAFcWeA74nM6Gpatc9Mq5amSFGb_tJGw6k2t3opKv00yr_DohHJjm1eNs7EgNUWWNPmx-8YJlZd0lfUm1PHPtHOCQoSuEJwrWR2Dn9_1MSJiK5hD-k1XRsxMD9Qa3dBLWsQGgk96V6fPpqbzmn9FSlAoF4q0ivcDwwFBC3gEFKJpNEerqX2gnKV4d3oIWR21GccCks_n2VlWjQDMxJEj-LUI6rtZZa1iT4vi1Hv5cwEpJs4jhJCVgrcgctd5T5FDItzDb91WSvz117mpyvYlUC4lmAjri8q6s4AjGrpnV-qSQXyTI6H38UmX_61pnjRVZvtJvp1G_B2POx3CVdOjyet-qwqygqwdfhMvgtievcQVzx0VXMsVhL3wVXqaj472kdQ5wiEkqDlVkVLrzVn4blMlU5_ejFt68qU6LTBhRDdbjDb8cVpdNO779iAgy5jTT-zP3n4EPUUcLoRrXgpBs-c7JCrIe2qmA6crqe9WTz4sA47R3wPVL4i7ZpsRX3l3OeLvnivFY_9FMGfeDHQGaHA3JtHCwUbUTYTxjWAtd4wW4M2KhMXvwBop0snnY-oq-dglm8Em2nfn0SuvrjtiC2eQW1pjuHrhlzAOWYOekPkEPdzzWQZu_afql3xsISQswB11iJvbh7FCYl9u_0uPhlnP2_mJgoyYpdfNFKsUTkSz-lwvGcRUUf12zuH6wwGq-dWI5O8OkCHtONLvDHt85qC3eE8ctpNMXCb17T5hYlmX4cJkF9BJayfjN0l3bHnm3U-X5EKrWq7mmAJGaazPv5b09zlorH5DT0BhKfDfS4x0nvC8TwVkAtm0LDtVmboUrk8P3dieVRRHkxhZpeiiLSPfX0gTnTwZhoHIgGKKRgIXhtUEdHOLcUd6-jkC02UCDzru0dWXMR2iR9xjb7RSIfpiclRtHGx4lJ1WxbACj3vWskWFN7ERO5DGE_mSRGI7nEONmsJJDywFb3jRq-F9nSWGSr4GgD7nfmBqErON1t_IGaEQwXEXPRm-Se2-RzJ16vcTEUwMa6aLg0QqyGY2WRxqPTBJQsHdmrTkxopU70JcX1LgE_lDPzN5SsMw9SyZ_QTiqOZqAlrm5ED2TsyI9mu5AigP0f45qDPosP-baXDF9ZW2i3pYjpHrIWCa2n6WOBQqlmO2f8x5Hp7EF_hrtItUsbfIRaP5d-EbpbIjn6IJ1HvjP0SbtxT5WyurjH16GaphSwZHmC5TEdKV1goyV3vucTOOiYbve95j-qZMhBw_cGfsdaOWz_tBVk0JHOjmSij94Zp1akR0zOLBxZZtU7nQaUPJ8EHHLv_oPZxKlJWdOou25vA9ZL-DyPjgu8L0uHS8FW19lxIHW5ufh4lyaZofEO049oTq1cPadeUKgLTUh2PCT1kf8TVcc_gfntb19Pd_Eb-UVY_ya01Gxd7xSFxHUtygnKTg5NWvhvTt9NPCTJYcVWf1b-hC1-aWHIt5ri39QwFFvSBVsTXeH-5g6td8PaCyoWjXca4apWuN3sZhG1v_QAX7LOW-uvvr_fsCMqGCFASKlrgcaSLoaPLt48_I22k5REjFkcmyjjlTbwQ2Zilyl2qVPPJmOdY2Yq9UqVVuHX77V2i4yGh-FoXa0ZBT0cUH6fkTzu-VOJ2xa-Wxf_88U4sdTWriEvLioiOAxKs6U425M46KZLNhWooGG0m7UwWzbBXuX-CZtG5Y-xtInn4DpDTaHP5sJhU5cJkFwhLwSKoc428R0RQO_fTtohtvg3Fh4z0dWlw,0.9,1,1
5,vp6m46ud,6110888158573651261c3100,0,3,16,_2_main,p1_associations,2025-10-16 14:00:23.734433,1,,,0.0,,35yjmge4,,,,,0,1.0,https://app.prolific.com/submissions/complete?cc=C1BZPBSV,6Lfx--MrAAAAAO7TIvOcC7Mbm0iTZykUY6zx4v0t,https://app.prolific.com/submissions/complete?cc=C3YAIOZN,ai_fat_2025,6Lfx--MrAAAAAECmXjGWwC2UlbmtcxYOCWQKUWqp,0.0,5,,0.0,1,1,1,5,,0.0,,,,,,1,1,https://app.prolific.com/submissions/complete?cc=C1BZPBSV,https://app.prolific.com/submissions/complete?cc=C3YAIOZN,5,,0.0,,,,,,1,1,5,,0.0,,,,,1,1,5,,0.0,,,,,,,,,1,1
6,ldwme93h,6650a38d75c08f70233642b1,0,16,16,_5_feedback,p13_thanks,2025-10-16 14:00:49.266817,1,,,0.0,"{'association1': 'make life easier', 'association2': 'take away jobs', 'association3': 'new opportunities', 'association4': 'environment costs', 'association5': 'rapid growth'}",35yjmge4,,,,,0,1.0,https://app.prolific.com/submissions/complete?cc=C1BZPBSV,6Lfx--MrAAAAAO7TIvOcC7Mbm0iTZykUY6zx4v0t,https://app.prolific.com/submissions/complete?cc=C3YAIOZN,ai_fat_2025,6Lfx--MrAAAAAECmXjGWwC2UlbmtcxYOCWQKUWqp,0.0,6,,0.0,1,1,1,6,,0.0,make life easier,take away jobs,new opportunities,environment costs,rapid growth,1,1,https://app.prolific.com/submissions/complete?cc=C1BZPBSV,https://app.prolific.com/submissions/complete?cc=C3YAIOZN,6,,0.0,7,8,6,6,I know enough to interact with Generative AI such as ChatGPT and to recognize when I am interacting with AI.  I am not an AI developer.,1,1,6,,0.0,57,male,,duck,1,1,6,,0.0,yes,,no,n/a,,6650a38d75c08f70233642b1,0cAFcWeA6lQ8Zvi9pFE7qxdb5805VJ4j3rhEOfDm9I55yxfBrrmkXrGBSd824GQQeDmrvuCGxqDwD4Xh5nyNyIdYqglfh_CfEb52xJ6xtyLX2yRL6GUdwBPCZZrp9x0uQnz4jDcNMvocZ-mEGHx6oZZLQ6yZlOrxGcfVgke-x9a_aJ9bTmnjB2Fywf0i10NBP-ijlKLqu0fXS90iOf5gwXmL5r_RhsYGaQj94aeiHHe4wu-k3xu2qudxS-4h7VCQsuGIPZZ-7evzXsl4ywkKI01gLD_POzI5lbI8p2PEkL1Rj-RkKMK-Pmx6O7LC-i4kmnru0fUShPlIfi_WjxMFR9kr-UDuGUMTNLYDvdMFDhJXEV5gokxwugHe4mRSTzIwvG0gOsnWhWLw8HYSvo2K749aI8gsEvQSXRV1X6XHnvwiG4WNC4xMOBks2itkJlWmw2hDky-R9gly0FH_HrUAQ_OPoZURP3EGAvxU5cQgb2526UrrOeH6frgzCRraJRfQsMslsBEhHkFAXT2ey6NJ2ueswrXfw8v8U65riVhpDt1hjQgx6KhCLEsO2doda0F-Y92JYx6gwDH2CYTCQMpExDdITVuR9cRoAxasdLllcxck_VSGGAuEeszST00zmmGQUwTL_VFBeNiPQ1Fe2V3M08LZbov5OADKBfBV0xO8Q4_cnX_YgTTN1N21IwzFYt-6RDcVwmVQr4hMHb7BjMWLs4ZYuZuN4YrespxtF9mlzD73L1rmTMzPpvlFGSnMlGLc_58DWQRTyCNYEGjKF18HTr6Zh_00TP0D3m2vnMp1Gzo0H9r7x40ii7I7Bn7ay7OA1XBD11ixw10xLSfGVPUFE6SIvGed8tTOacctZdEFIOKNAty4BMfQMyXngJ7g0ND5aP1Rve3AGflI630VG5DHMvEyrONjzsEv72LntYNy2aUodhKEj2Nehre32qpr_svhLUWjH_xqBp5fdZG-Mk1zgFpaarRXIsT4wAgdf6Ba2DIzpNV2wdOxLNZkz1hKQq5W40-jXT-BpHaIChOPrn1lXIsacm-wS1LOR_U0iWmCCH8UgE3Lh_ZAKaiaGSW1tgwUlzWEr1m1zIrM3P76NHC9vvaC_4YteKFSIfYHDRbr-C2KneJV2qSfjGtM-hX3VmTX3zI_kdQbO5djFWu2T-5ZURqujaus3pMUGijru_cr6Hn-CiiLCuqRbgkR0QO2qJp4InSQQ2JDlb0MPVthBTWlGJUu8_UED6DzX3M4-55BLMzN5v6ijJTtZl36qiHFihih1D7NfZbwcg5vyQ0cmki98AOAjmEYFcuoSo5y9SHx5-neE5OXUAzYT2-RgmqDMpEcjUAzCDQkHE0vQJynNQDdW3iaF7lQm4j8xCVn7bn0Rwdge4XRW2E2S3O5g-TF4NuRzLwe2Cj_KU3KlOQDwmxPlXNtA3NxDyQUVIrNHWIgKjC1wEmdWwvUZWtwV3ZqES2SF55mD_FmF4bydrEjLuHkAocaUxAqfHPGgZeAM5d6EyDiS_dz-4_gEUhlpdf8d6ZHH7XX5fF0nW7OWTktqVe6eTAQPi5PLO5hGoRet32RLrAqTJo4xUTZZ9DB9IURDuOvowKHM-unYtx6qmx68cz3GV5_nTdzFZHKjrup2MrnG2E0MdDepzzbK08Y5MemU0IC1kkTEl68g_I1_dvN8weEWQuvww3SCQuPMIEg,0.9,1,1
7,vqi0l8vw,614dd304ed948bbfe8c22215,0,16,16,_5_feedback,p13_thanks,2025-10-16 14:01:02.582087,1,,,0.0,"{'association1': 'Smart', 'association2': 'Fake', 'association3': 'Scary', 'association4': 'Weird', 'association5': 'Interesting'}",35yjmge4,,,,,0,1.0,https://app.prolific.com/submissions/complete?cc=C1BZPBSV,6Lfx--MrAAAAAO7TIvOcC7Mbm0iTZykUY6zx4v0t,https://app.prolific.com/submissions/complete?cc=C3YAIOZN,ai_fat_2025,6Lfx--MrAAAAAECmXjGWwC2UlbmtcxYOCWQKUWqp,0.0,7,,0.0,1,1,1,7,,0.0,Smart,Fake,Scary,Weird,Interesting,1,1,https://app.prolific.com/submissions/complete?cc=C1BZPBSV,https://app.prolific.com/submissions/complete?cc=C3YAIOZN,7,,0.0,5,3,3,3,I do not know much about it. I only have used it a few times.,1,1,7,,0.0,36,female,,duck,1,1,7,,0.0,yes,,no,N/a,,614dd304ed948bbfe8c22215,0cAFcWeA65oLez3BD6mFvv11a-Tq-BHgW4a5pTlLL7lRsQKjVNYepwkrLxv2-1OfwtdOcMkEZrCiMwUQhEFFkAbFQ-oQFfGBFqLdUVelarMz5RlyeDvfSVcrYQYlE4rE4LKscr7trifF-JxoI9pfXBJqZR4U0Z8Yg31riafZjTDqXrhRDc-IBuCz0g_hgf18oJYdE6gK1hA5grIYk9mo0hj4OFSZqhg1BmzHQ8M8Xi-mMvAEaizYKiPp2tTcdRG1rh9Y2nRLTpMEGPpiDFErnA3pURDlkU2-291BkMPEaQOT8Jy6QtRQ8j5VE-MMFezmAayF_CBjIhMVIDSE724xX96Msl2Km-tMKk-4WrTtkl8vs_mIsbBlkxhPpoYPOoO2H0roHQbYKeAv-g1Z0YY-p0m-Ld51961SfAUpmOMzojumcevggIaQ8I0U4PtbbDPB51hD0u1PgWsjxhEicYgh9jJ0mTR22FS8vTHHcUvT_3ukz7g8rUfg_Kp7oBt2ibfPFq3LePbWGTXedPXZ1NbEdKGD4P-yy9h5O7U9t7RRosa6rsfOBz9M4gz1PaymT8Smxjup3hgPICntfqMJyCSwkZgi8XUfRPaIGIiSoSkR89ZdxfjprkSmivgpcgCaUsd1Y9gxn3gIOgXmmi5pAV7f0H79vjX-uP3M8VKkX1fWBxV8c-aYXM2_M44KKRwlr13kxcblQcWw0qq2KnbL464AdVB3_AuEMO5Lqtx7CffWjwOKrFwhHt-m7P94AkaBnN2YLwCmh9xPlbSpZEbAzhaX39QzpB7JrffK1xthhNDrDvxWsLieg3PiIptWerywEwmARA6samjqNmg9-EfOPtDW8nYkRkZmFNqBV1-PFW7bWX1i5cniLpm-p9ucCezL7r0VolkHiv6Vj1Xwi0h6H8tlHNr1uXWoJc5WYCbgNNl-bJqHegSZQfs-a2cC28kPUS393ds0s-U8o7xBwf0aWis1VLBIxRpursQ42LeCFufJOItauxBenK4FL4VCIj9FtpG0b2N1MxbO0Mlw9aJzYHdWphqrNd6u0uTusBgrFvMiZ5cJ_PIIaR7RWgFhH8rfHk5YtabnM6QYhC01SsGuabSYHr7UVb7snLsk7XhRRXF6Vj7KPpKUnycQS6GrVHJjbOZXCtK_3TUDFSNrEEFaStNJQg6g1WdXXEtbM3GY-RO5Izr6iK4XRRxcWJFL5XL5DXr7KdGrODMH6uU7VQROONdrb3m4MjPiq9BQ_HoKcqB_YawjyeHedRcHiIoYCJck-0CqLh3mSZvr1hyRAx3N7tfa48EtVFpUhMkPbva9F-dP8lCyTYa31GgR_LOPPVrIAuMdxqYHeTjot4pJL2IL8nFhUkscoC2IIft3zHDdccmgVJUXR6TirNg_L0Wus2l0LNwURcx7ZjebLVGXCnBaX42dXlAxS3VgCLfJyWA5cxLKvxctx3Si-79iKSKKm0bv4VpapHzlBKuPgUkNkeyJlo-GjkiqWea5-zKp2y6yzjjHg1oBZOquaVJFenDT9EyeTsaYNGe0DwZg5wJQyrmWg8h8yC2YBRFZJpNLhEIiy3pNK5MRMbwXdWc_gHcjY,0.9,1,1
8,a3ybdhvo,5cd31d68db60cb0017d4ac33,0,16,16,_5_feedback,p13_thanks,2025-10-16 14:01:23.712350,1,,,0.0,"{'association1': 'scary', 'association2': 'overtaking', 'association3': 'Isaac Asimov', 'association4': 'scifi', 'association5': 'job loss'}",35yjmge4,,,,,0,1.0,https://app.prolific.com/submissions/complete?cc=C1BZPBSV,6Lfx--MrAAAAAO7TIvOcC7Mbm0iTZykUY6zx4v0t,https://app.prolific.com/submissions/complete?cc=C3YAIOZN,ai_fat_2025,6Lfx--MrAAAAAECmXjGWwC2UlbmtcxYOCWQKUWqp,0.0,8,,0.0,1,1,1,8,,0.0,scary,overtaking,Isaac Asimov,scifi,job loss,1,1,https://app.prolific.com/submissions/complete?cc=C1BZPBSV,https://app.prolific.com/submissions/complete?cc=C3YAIOZN,8,,0.0,1,0,0,4,I know what AI is and that people interact with it as though it is human through certain apps. I know that sometimes online representatives are actually AI but I don't *choose* to interact with them. AI can  - and searches admit - be absolutely incorrect. I feel most of it is just data mining that's more straightforward than in the past.,1,1,8,,0.0,56,female,,duck,1,1,8,,0.0,yes,,no,I know there's a famous optical illusion regarding the duck/rabbit question but by golly I know a duck when I see one! LOL,,5cd31d68db60cb0017d4ac33,0cAFcWeA6HqFSfv6t3sBD08abZkW2dgUKLr6RcInhL59N-Yu4yLwP_exo23rewlQC7H7RbCjtoVixGOsic-jCHJzX8VsBjYKxYxWswQ4ddTtkpLJquBv_58luZpO1J93lhD8Ci4we7wEu2yFhskq1x4mHZ4yUKkG9jyczRRQOhI2fGYYtHDJHbptHiCpQOehDFyoNFX5umJQatqixH6vPMZA3AbC7w4vuMxF8bLkIJuq2iKBp4ZL3TQkrwM2iFkw15thkQPEiFHIW_jY_eY0x7jTbrVBaCZNjH4N_63iHTGCzyUxURBYzTblg_Ly1RSt_1bJP6kajCw1632UKsiatH-ZtUPcEg7dNj9eNqESVZzjo7EPBnM9czhibSho6Qen_rRAQkqLRBqrhrZugHp2sKRvsU73ff5Z_arRsujR1rrxokH9hyjeTPg-TGuIB55sb6DtnJnuKDIsDf2tW7NUrxsiFkikdxDJRpHsC-0SItWmeFlr-ATHunb550-1_RBxR9lIBPL-1tNUIc0BViV_-P89knB-Mx5PjvZP8ogoVAFEdrqjASVnzzFNTlFlTCAppHGDxiPK9OcWqC0uZLUJPPFgQgIx-ufTpDoRtSWDJoC4oZUp9F8wjUX4T3cenjWL-3d-eOzsRm9T1ayxs1mNDLxZhzCvIFG0fd8OvZSaWoAVFRCV96E6m0ntVq4DJBHSec0VumUcKVuNceBbpskc8KbJUBAuPdxhAaGpme_ApQ1wTatPCExIvMaGPmlwxsvz5h1t_ZsWjd_mgdKwZbwYvkPRndy9ZWP2PrQ-9shlLzPU-GUgsTxo02TF_CiJ52AJQw7M5MnbdC6OROzFuatC02AEoki-mI8PqokRjezJtMp3UO1jQxbZnBfbBBmNive5dayM8pF7dSLLFmxbuhteqjt6pt9n5zAMl7QE9MiJc5rsKBBnZkvFmAbEQGxzLrgcQa0451VHEtMMrJkE1DOxZwqb95XHUvof13f9ImR_cVmY79CSWgORPrjTe7jxa6ZnuDecaoc93-BAan77Q0vsQHQRtnR0zJIqs5gGnvIp0b4zHJLQ-BI1fG8jGgH4BhjYhTagTWBrxb3Z158hhBTLW2S3fXRp5pO6Vjqj1wNdFi7DZuZdoqMM_xim5lNWdKrpLx33toNIo4Nl38NHEXSRbSCgsiGfRcQzPo2ER5qk4Qg80xDleY9ior4Ip8CUrjW9WA_NWxqQGZs1-cvSgNp_8Dd_1Db1cOOUG5p9wDUGUy38_avSs6hSIppt-HLAYZ0T7lIyy-bh0IOHZ2b9gqwC99ov_jEoW5mKAA9237opnQOCZwEGSiWueMDRCR81OZ3XF6jOlSUBrnibL6ecvApWZ-YidIfj_ZTKUBv-sWnhf_nY3Z7wOKvEL1JwkKQywqCs2tWumFXIOcQhFi6xLglweF-sMwPs0bu7af19ngdr3L_PTxobRgeyPUvUJlWugeRVc07F7jFyWNttf6NsVJjrKzoUv4jpuVguchajQmTuWxUhbwm5Q384cuz4vKxoI4fStCwc2UxXrV7OG0eanHnIHIm-E7yMI3TBvIyBaWgwlkmzeMOWelUn3eD4IQSkFdChOPx-ArmVVcR4s3RK86uqcvWCGpNItKqgxLCg,0.9,1,1
9,ripw9l2o,66eb1a41306925cf993d6490,0,16,16,_5_feedback,p13_thanks,2025-10-16 14:01:27.917716,1,,,0.0,"{'association1': 'Possibilities ', 'association2': 'Fear ', 'association3': 'Positive outcomes', 'association4': 'Negative Outcomes ', 'association5': 'Shaping the Future'}",35yjmge4,,,,,0,1.0,https://app.prolific.com/submissions/complete?cc=C1BZPBSV,6Lfx--MrAAAAAO7TIvOcC7Mbm0iTZykUY6zx4v0t,https://app.prolific.com/submissions/complete?cc=C3YAIOZN,ai_fat_2025,6Lfx--MrAAAAAECmXjGWwC2UlbmtcxYOCWQKUWqp,0.0,9,,0.0,1,1,1,9,,0.0,Possibilities ,Fear ,Positive outcomes,Negative Outcomes ,Shaping the Future,1,1,https://app.prolific.com/submissions/complete?cc=C1BZPBSV,https://app.prolific.com/submissions/complete?cc=C3YAIOZN,9,,0.0,5,3,4,5,"I have been educated on it and worked with it on things related to the IT and Cyber Security field, I use it sometimes but I normally like to do things without it if possible/allowed, sometimes I have no choice for the one area I have decent knowledge of the AI we use but I would say I don't have in depth knowledge of it or other AI.",1,1,9,,0.0,37,male,,duck,1,1,9,,0.0,yes,,no,No comment.,,66eb1a41306925cf993d6490,0cAFcWeA6zbjxqyWu8Yb7ZxQinkuedvByU6DEcTLw5qb44YQ0vC59NAa4V6e1rUEDUU3S-6GXTtWzqFNtVlIc8p9wz7KZBWvrmBWbwY7qoSPLPg80vBImlMIHFyh03XU0wHqlcSdsyVBH3vx6ptrw3yIn1lo5YOh3bKRlHN_uE-02WFPUfleAc0bFkm4j-fyhGiQ2XG_aa0-SrNkkp4C9eNQtfvP6dS5kjkZUEPIegCiQy1oCOtpIosMR0sw7vLOvMWSI9EkERpG1EMAVja3yQoD3kyCEBPx32m8LuzzFIJrDq89cx7uOAXpaTVeTAc8sTLt_XqG9XNGQngcTy_usp4rnmXMlmOY7Zjsvz2CioA7FQMVeGcVWaLTJZhim1WceAkQ5L6bQiqaIgeRNRbGGuUcuQiY4owvUrZhBXzPj32Yp2NehFtAlOfyfeBVOggyzqqMiCQma4BxFA8ZBBeWx9aFzkFF_wmIwVeni15JaKa3Ln6-z6-6Z4Qg7CiUVNh0qNZP0rVdjOGJ4Rsw9X9-XFzJ07ClmxhvHDxnWqqtVrbb6784jAtn7_JSz4XZqshS8c8uDLJE1xSnKD9woKCzcpXtmyx1erkqpdeAWFB3L1ejUM8nEEDVdNsBTW-qy1O5eKXfNKBfB3_TRGKqWU9qifiQ7jGjnskxeQhJgU0FO35huPfKwSESB9gXDQYKeGjq3pdcLPRJghxj_kSx1pMHzBrOPVnBbUm_mOpkqImr8TfbixwMc7HEoyMJyNdcUZBlYpt_lOmjC9C7TYd2uWXCaOenB-90oQ01iRPsrwYuPoUMmGpBKFBLPhjLmILrM0vdc0xMJG1PG3Iyq-lhRNqUA1cIJ0-dpGhC0CwJsgqECY6Y1STqxhsSB1QYt7xPX7w623iVyVvlj55M2_M8yF8Z_JBeXIu8yXplPh9XEAce1_NWH3lQmwX819QkbpGjmbJBkC8nl6AFX6RaGju87WMxWjwn5KJgzLvSRHi-8gC7UAxWV3BScsp8-sH16KhwrDRQYARYlfVjkzkLKr5HgEcOncb2TUyqm1scU1KGPYAHtOHesra71b8vPosf2dEevHvtSdy42k3-gOln7MjohiOka5qJTeHCWuHbpibkub9ZuApoJcb1IMCvdp0XKlv_QnDEsXTALKT9MZ8qKCuKPbusB-j24uASSg1IXdXVNDfNcKCv0jIsubuagI09aB0WlA7xXvxZyLVWGFv2dKlvmU8Fadf_Oe84GY6ASKN8rpJKl6dknZm7bYiPuRuXiB4LSxviUMJ_omUAC-SuQ_vsKCOGIIoIYklEKIAzaoYg_l-Q8bfhtDiI5mubUXchQkyPXO46RCvnlLv8XjrkcnnFC6Z6GjMH9jQoG84KiiYeKEFQ3Y5F1P8TVWxPGCz0eS6F-hCnEmAKJJ7T3oEG0yLA2zR54o-GL87f9AUUinN2DU5yUNne2G-4gnOtZ0FmpTab9YDdqDLM08Bqkx-EKXnw8iu7SHFQjOPNIA3Gh3wrkNXkUekTORItkeF6tmgb2mLL1HQR2MVQF6fZZar47Y1VCBxtBSF1mOV6CL3ExWDDvo2nFZp8VOqVsl97OqwNOKlflOiQ2Egz6wlp61vslKfZQiFpGPzV1SUEJJF7fNIA,0.9,1,1
10,u96eqlti,6631056349b08a35aae1ac5f,0,16,16,_5_feedback,p13_thanks,2025-10-16 14:02:18.959893,1,,,0.0,"{'association1': 'Climate catastrophe ', 'association2': 'Water usage ', 'association3': 'Art theft', 'association4': 'Intelectual property theft', 'association5': 'Dumbing down'}",35yjmge4,,,,,0,1.0,https://app.prolific.com/submissions/complete?cc=C1BZPBSV,6Lfx--MrAAAAAO7TIvOcC7Mbm0iTZykUY6zx4v0t,https://app.prolific.com/submissions/complete?cc=C3YAIOZN,ai_fat_2025,6Lfx--MrAAAAAECmXjGWwC2UlbmtcxYOCWQKUWqp,0.0,10,,0.0,1,1,1,10,,0.0,Climate catastrophe ,Water usage ,Art theft,Intelectual property theft,Dumbing down,1,1,https://app.prolific.com/submissions/complete?cc=C1BZPBSV,https://app.prolific.com/submissions/complete?cc=C3YAIOZN,10,,0.0,0,1,0,10,I have used and trained LLMs and helped with coding ,1,1,10,,0.0,39,non_binary,,Duck,1,1,10,,0.0,yes,,no,No feedback ,,6631056349b08a35aae1ac5f,0cAFcWeA6vDPI4SLZngrhXaHL8hztIfj5KOP7vQT5lSmf-WNVWqCW8LmZXW6avqoUGy0StL2V2WVJh1Y7pHnd6tx05lSG8l_d3Jz9h6Wmw9jvw_EvDXDcZt5tvV7RUEc6mo1mTF3nJnvfGqLR128DxrANCI6pMbKZba2N2o0eiZgzcwwNuTSsLg50P1jXLKaEtUzomsQbDLuf2c7xqHeXQfjelv0uNKdOcGT5CyqxHiAjntID4tG_FsJu2YrFoLNereFBXB5OgaFqVlEB73aTA1L4dl0aTlDU4zM7Vd0gYmZgypdODV8Tc4n6sQ6vfK-S2Z22lBRheAynSGqm2TtKdI98XKSZCMY7GLTwemzHjkWe3r-9QOdEm_suWCYLBeyyioKyGS3GmJpt_G-1BUlrBYIqmSTT1a9Xurp1iCJSs6JYjtp2dXj9JAL3r7ccsmQfLlQRQ4outyWhoMkbv3hDEAQvO_KZmPgnPYTSyrAcmEFh7Z2qqKtmt6qq-ZxUr03a-HtnLGtyk0o3G-VMQ1GHPvH6heN0swU8Wuj-5OhuH_WGVeosAIRGKv4E684tHMvorscKqy-j1PW7wfoLRCLG1h6rIKGjQQFlqlS-OGuwctlXUSWdvSeuCZfmSGgg5If2BR-tU8u47Q76OwNetzd338d42KRKYExxYOUqpui3xhM31JIRWwHT8w5apghqgzyKV5OgVK_TG3KZgygLG39BeX9mgTeXQ4Xq80EPo7rsZALMHb58yaalZma9sF-0lT5U_ZKCohAjG_upn7NCYUeXBGwu1iOT_mEAa-cZY1A2wMg5x-8Ujv7Xz7CrZfgX6xTXnd_ZJqPrzk8y4vaW66YewlU4LDJ18OZ73f_nOdAY5LiiFvn-KxN9ch-xBS27-N429zzJqcz-zPK7eYw5jGgUFy02cZvJ6MO2MYxuhAMSSXEbfAjaZWgVMxBK3Uw2T-IwFbJ4sZz7uW-6hPIb8jRcQ0izorbYj14ajAaHanJ5GanioHmsYldWIPz2o3XdA56hBKCX2afVrNGgqCcgQ5rh6N02Td0dY_e4Q7jV8wiG8he5OlCehx85ds0iksM8F2INKvBKIk5RkbNPOAPq_KBewJarpJc1VTp1-Co4vTVon3FoONuTH5qzjhPQUpa3vY0AwrxqT_KqvFdlh7MJFY6ZURylo8ijj98stUAJu1CAMtS3Cz0bZ7dyRgdOpOCKgfX-Q7Sfj2y-mbRDkw6I7eGrS9uNAdpkKpzZF-5AjER0Z3-wOBE8pye9nFANYUsNlHucK7L3oeIgQ3iM4mq1fHYDa9YWIwMIccIXCp6DO8OcrhRH8vRkhVwOBgt1llunV8R_LR5Wf--iKJRJrk48fTT4Qzu3YuMnBiFqfOeO_StijUAxFJoju8wugKzTwJhrQPkdU5KnoD-BYsmj3-_C5YJkMv84DaatyiPAp-L2Qw-DW_IguGaMxmXQCaOOlud_u5SjsuY0Fd2Vd1z0DNyXNnXjpT8y7DHH0MV45X7jR9iu09lzhfbJ_PdLRLsx_kmGzij2IA0oec_01NJrjLo9UmhO5T1c7_Xq_JA6QFLADG2eEuuDopsmjwEJS2Va8tyvSJo8IDexfWokgeZBFCzzEGsFttgXMfJ7DamM_RvClsmSYXi7u5TziKwVVxyiMT-60CiRQx-ThOfI1ZIwYu1YUCufSX7tibyFKkMhokt1jHY9wLWXEWuewjCyyDNSI8jqbhcYU_MKVWCVvKQPIkU8cWE4qsDZowu-Tx5hN2A,0.9,1,1
11,5np23kui,5dd55652f30aa650f027e1c2,0,8,16,_3_exit_questions,p6_ai_expertise_justification,2025-10-16 14:02:34.226658,1,,,0.0,"{'association1': 'LLMs', 'association2': 'generative AI', 'association3': '', 'association4': '', 'association5': ''}",35yjmge4,,,,,0,1.0,https://app.prolific.com/submissions/complete?cc=C1BZPBSV,6Lfx--MrAAAAAO7TIvOcC7Mbm0iTZykUY6zx4v0t,https://app.prolific.com/submissions/complete?cc=C3YAIOZN,ai_fat_2025,6Lfx--MrAAAAAECmXjGWwC2UlbmtcxYOCWQKUWqp,0.0,11,,0.0,1,1,1,11,,0.0,LLMs,generative AI,,,,1,1,https://app.prolific.com/submissions/complete?cc=C1BZPBSV,https://app.prolific.com/submissions/complete?cc=C3YAIOZN,11,,0.0,6,3,6,8,,1,1,11,,0.0,,,,,1,1,11,,0.0,,,,,,,,,1,1
12,x3336wxs,67505c42a18c872bab88ed42,0,3,16,_2_main,p1_associations,2025-10-16 14:02:58.771464,1,,,0.0,,35yjmge4,,,,,0,1.0,https://app.prolific.com/submissions/complete?cc=C1BZPBSV,6Lfx--MrAAAAAO7TIvOcC7Mbm0iTZykUY6zx4v0t,https://app.prolific.com/submissions/complete?cc=C3YAIOZN,ai_fat_2025,6Lfx--MrAAAAAECmXjGWwC2UlbmtcxYOCWQKUWqp,0.0,12,,0.0,1,1,1,12,,0.0,,,,,,1,1,https://app.prolific.com/submissions/complete?cc=C1BZPBSV,https://app.prolific.com/submissions/complete?cc=C3YAIOZN,12,,0.0,,,,,,1,1,12,,0.0,,,,,1,1,12,,0.0,,,,,,,,,1,1
13,8j6g95br,6021522cc0eec00d2e4ab6c7,0,16,16,_5_feedback,p13_thanks,2025-10-16 14:05:46.672945,1,,,0.0,"{'association1': 'glorified search engine', 'association2': 'next dot com bubble', 'association3': 'highly useful', 'association4': 'not intelligent', 'association5': 'new shiny toy'}",35yjmge4,,,,,0,1.0,https://app.prolific.com/submissions/complete?cc=C1BZPBSV,6Lfx--MrAAAAAO7TIvOcC7Mbm0iTZykUY6zx4v0t,https://app.prolific.com/submissions/complete?cc=C3YAIOZN,ai_fat_2025,6Lfx--MrAAAAAECmXjGWwC2UlbmtcxYOCWQKUWqp,0.0,13,,0.0,1,1,1,13,,0.0,glorified search engine,next dot com bubble,highly useful,not intelligent,new shiny toy,1,1,https://app.prolific.com/submissions/complete?cc=C1BZPBSV,https://app.prolific.com/submissions/complete?cc=C3YAIOZN,13,,0.0,5,5,5,3,"I know enough to be confident using it, but not all the details on how it ticks.",1,1,13,,0.0,35,non_binary,,duck,1,1,13,,0.0,yes,,no,No,,6021522cc0eec00d2e4ab6c7,0cAFcWeA53-lo1uizz2evZ42n5uTPzyaVVlV9ZFiE5N910MJPoBcNDO6vWGEHRTADaVsBqVhCt8lmm30KaGu_9K1JdcVp1huqNAmErgr8M8dGZV9isgE4UwCp0vkzIieX-dWGqDY9tGxXp1BzYKSE3iGJuXAj0Mn9bjq_agClHesD2dHMVnvK4H3PWgIHSrnTTpxCf4OS-HHQu-wcVJpOFmWX0205msS7SM0II73YQh1SQ8fYgMVlD7E5QL7hRCrB9cjED8rn24qrFmFaousB_MvF85GtSdwso_xrlhC7kISKUtoACIfoov_FsKaYbt0TEoOnSHKQ8AMGufqUE_Wtj5Mq31wHWa4h_q0PC8F0TLblSy4rF1CrPIio3d5Ku8DvsOwsNRPDzl75rY7-Sfoaf7alaZtURVJ-HGxKducBtVHt3DT6LFxGJlTMJUIAo2WLlrKiWJmj7TLGcIpi288DLW8YnwoWwqAqh_BXJXqS3L_8JgcupmYqxEymhRXlNJx-Qs-8d_Swl4mm-Xxqpm7-7eprdgt4ywEPhikjBqHH9AqFKc8uVBI4a4c2nKxEfJgzU8JyUBrqR81_rYBGa7YnJrtXUssXz8ISJgAdA7707PHeKriVO95tPkVIPPqAOIKP5HRXqlTITUgvcLg0D8FUGcxXBAgtFweb4PeQCNfwe_iOsVuTiRsDKxUt3thCdOyEj4-MAzAIurhfYlMTpjLlQoeIlrqygLtXB4iGtGYHPUxPHtPo1eY2afX6MQ1eXrPudw2Dd7dT_WYcFFHkdZGuqUr2mcMv2T7clorCDATg3tNwEK3XBXL2fjGWPy2jelHJ8W6pnQA-33r-qK5ociwQsTUmL8zYrDx-WmiY-TYrjotp7LLsP6AyTT0wxX2lRSsJwudN3OyLHFxFM4okmJ8vUXDcuQxluUIswpepGseOJmtS1lYP6MybxeiazcnPdwWo_jJ9QKl3ewJmrMD1dBtfLrnsic4S-vFWdDNRNiWyVKODK0wOHk92PFd-o1tH_b6end_fWZAT-MIHsDz8xFg0vNd367nJH5bXQF_uWZuIhAjm3pfO8ityLdsIW5rFVh-HW7mYAWO85YJVXz4bCvH3OzrCREVclrUNTSZp1DB8c3CVxLu7C_gI_5Er78rsW-_zhBu5cVJTadIEZke6Uj1LHnUcrVxItKgTB_wh8HBZjxvrhrKPxHlMlyw82Z3qpQnTfEPC--0H_yVs1sytLeJecQjFLTofToI5US3Pd3BRLBBAcO9SM5GVDlH3SWWOPR3wtQRhXDs94piBVj6wA4ocFR796axoESRTaAkI1VZER6feUn8od_hXW3OI5NnOFc_IGtRQSXGnYpdUlmoZ3dr0wLxY9DXbCyYyBV3mrbf_SN2tdG4pMf-EKyS9C_quTzoQWxnYEMg207Uc7zcAqdLX3B6gkp3-tNfNCDvfMpyfT2nMFVvdDMYgpGqslkQHlPN5hjf5H-p0srgbRWUZlnt7o2d8Zp0aMQsn-cPURk9J9-BRca3s5RkezLF6rjAdOZwcvVo_wy7hbNJ1RrRtU7YuDU96j9LIB7FpxJ8ww2tvoqCMCqVPHXhWgUbSpZ3ygBHxztipyWl82ebe4WjpDKWLcw1jCN5B-Q-Tuqg,0.9,1,1
14,rn6vgoso,67f015260f679212b3c34caa,0,16,16,_5_feedback,p13_thanks,2025-10-16 14:06:08.287226,1,,,0.0,"{'association1': 'Efficient', 'association2': 'Smart/intelligent', 'association3': 'convinient', 'association4': 'my helper', 'association5': ''}",35yjmge4,,,,,0,1.0,https://app.prolific.com/submissions/complete?cc=C1BZPBSV,6Lfx--MrAAAAAO7TIvOcC7Mbm0iTZykUY6zx4v0t,https://app.prolific.com/submissions/complete?cc=C3YAIOZN,ai_fat_2025,6Lfx--MrAAAAAECmXjGWwC2UlbmtcxYOCWQKUWqp,0.0,14,,0.0,1,1,1,14,,0.0,Efficient,Smart/intelligent,convinient,my helper,,1,1,https://app.prolific.com/submissions/complete?cc=C1BZPBSV,https://app.prolific.com/submissions/complete?cc=C3YAIOZN,14,,0.0,8,10,8,6,"I have a general knowledge of how AI works and its common applications. I use AI tools in my work and personal life in tasks like brainstorming, writing and image generation",1,1,14,,0.0,48,female,,a duck,1,1,14,,0.0,yes,,no,no comment,,67f015260f679212b3c34caa,0cAFcWeA52Bpw8m1pW4Lp7uxHnq4kCfooGWQ0olTim4c2FY_LF2N0Cw41ihKzlykYJT8s1DF6HQgtIPuNzSawp0Vv9jwscMd3m-gaWj3YsbLoRuW7p7JETkl_3l9No0JcAyDAXyaqluBHxoJdwLmxKf-sMd-wKSefuujmy8noFnZ5oLWSYBMfyDzT81vvEloXAOg6zZKXunGUjIo9fRhqtnFTIeSTl_DCEb-j_JgLZgCWZbwBiMQWi6H4hRC02mN8Ju_50c0CN3c89HwOa6KZZNWlsKRssFFke5tSuFNSiF_WGsEvX4OCohATm_E6LhpgitUXM8qoEwHqj7OIFQbF-vwVMJFUgAZ-ThsqYYChFUXfeTsZYbbSZBKguv7YL9TXtzQ1o9cKBJTdLhduYVteyW3s4nTD2ZDCOaxpAilsCmphAoaMT5jrhabL9JsESIPRwxnUCNtlvPlDrlKn2xS7aAFygZOovNGQrFrkqF6qwTq-SRcxrODBXFpYpruIt5xCqlK8m6CGVNg5tVl3l1mZJiIPNVwGBXM4arNTdqxpXDT02DQdz6OrDBStzjac7Zl04XLoSCb0PYb7eKzSVcIOW2WINvPKAA2q2V0HsxB3W2ygtAMd-z9kHQt3vqHtaPHHA3X-9chSIixBLq_TA05Wty5oKHGLzegEJYCB6rrKepJGz7Xp5KP9eWuMdDgMMJd1xDpVaoDxspcX0-eEwe3w7c48S-j4ByU5dc-x8JI7kJgea5wJITSXmkjGkZ4NY07gs8yVPHrznYxGVV4AiPM7OQywjyDJtZaZirk9XPnp5ibHg1N_JeU9_f6mjITMHog3A2LJqh4leS_rxf-jJPndKKACucQJMPzTybGUCxWIn_C8V2E4wnQiJkQ0onKGTze3JVbT-8SA8qCRbrG1jg06FvXsqXc3xaSXOEr3S0SHE3ELJjd4jU9Q60Jl0IY_E5D8GxyHHl0Q93-5K4LfVSUu6r8-U_jgf7ghdjmxjC4T66vUB3smA61ZOOqDtPuhtpwWf2PwANYuzw-Q8M5XQDuhRQAH0F6GWWxUvPdckLf6VJTAMWXAh6aIHNDOEvsMXIbVidhAXQbcUTcMaI7xgbA1OPl182sQquu_qxasfCLO7T6Qd06iPXlsYDHdrCX94RhUZKnJbuws6aSCaJgSfJmP1xayq1MqnHa88fgWXmX6DLt0nqtrS2-lS9DavImM3ClHrXSIx9Sg1oiPfIeK3Fkk60wgXvA3lOWKVKJHtbQOw8CBCXIf0XRhXFK8-DNrtQkNq017DGvRqPf6dHO8KySEZ6EsRG-RiQyUyj34qxmsLiaw1GeIiazDDHnf8CaCq5PETcbBsg03zNxMvEIWP1WZgLTnO7kdoFHcT2HEClo9gr0m83AkYtvlEx-M-c31iVkD3GVeg9u8hT28jKGAmNr5PaBsRGPs7nqQ8wZkaLvPeD3031SWsde9x7Gc1dBqis1J_l6K_tnQc1PepZxQ73U5RID-EF0OasxI32mnGeZFScfrV5kL1Q9DNECnSv_MGHH7kbs5aUn8XP0QVF23qoL-yO4r6BNLZJPq0Y4HzaPdKYTc2lS3-3C1zONCJ8MPiz080QVSBt6_VZirG7_f-VKLfQDDAO73BeJROqdzewKoObixDF8k2dgl3eIrI9LWXovWOhRJFlTK2TZfbvmWBQEevVUdDKC0HpVXzFhKei29TPLHwXx3AX3fQ3G9BRLhxuuU_MHXy-FAe3YG3z3KVFMf6GB6tpuZI0BD-FvLO-SEkUPcpgkaT6mw3kcZeFHfwO9FCivQEejN0PEqaCBoXJMsdyomi2WTAHPu6GA,0.9,1,1
15,kdo08osb,66d1fdd400acfdbc181f41e0,0,16,16,_5_feedback,p13_thanks,2025-10-16 14:07:23.191774,1,,,0.0,"{'association1': 'chat gpt', 'association2': 'chat bot', 'association3': 'hallucinations', 'association4': 'a little wary', 'association5': 'must check output always'}",35yjmge4,,,,,0,1.0,https://app.prolific.com/submissions/complete?cc=C1BZPBSV,6Lfx--MrAAAAAO7TIvOcC7Mbm0iTZykUY6zx4v0t,https://app.prolific.com/submissions/complete?cc=C3YAIOZN,ai_fat_2025,6Lfx--MrAAAAAECmXjGWwC2UlbmtcxYOCWQKUWqp,0.0,15,,0.0,1,1,1,15,,0.0,chat gpt,chat bot,hallucinations,a little wary,must check output always,1,1,https://app.prolific.com/submissions/complete?cc=C1BZPBSV,https://app.prolific.com/submissions/complete?cc=C3YAIOZN,15,,0.0,5,4,8,6,I use 3 different models usually daily to create and brainstorm for various tasks.,1,1,15,,0.0,51,male,,duck,1,1,15,,0.0,yes,,no,none,,66d1fdd400acfdbc181f41e0,0cAFcWeA5bLXs74FAktmq8MqXjF_NjN66iToDKNub6UqfDqPXdaXDXHFJePplEF03-5q1D9xEeud-KrNBjHmN_M0JPu2fi19_LXZGDA7KWQXytEMhHX7aIhpSc3Cbug8s93PZSq0jxLfRHNWleipeE4PhN3A2eCMPFqIduCUsPoVIDPHsNH9ZJUWocPaVhNLAsq-0eB6Df6F247ZdH32ZydFBRwoYq6A4oy2waHTYtMsCHAH_AJbBq_zhJ8FB8IjZR7F0dVWhGeWW2tw_1Be-oQUeVis3sMXuO6m_o_Geh_l_1Inwi9YZ-WiJvPMuH2y-jnHwGLCBQ6-_8mCic0CG7Yrhj3fRHGPvlvFwCevvQT_Y1z4VIeO4NokgKeZdX-IwbEPHUymes3PVW1i7LyVgyFmrUfyXBYC6Hsdg1z58WUrDmijozKxDnZNoWzNlncZebs68Djp1x-MV-6MWCxzGEwDy5St2lam24VkS4FD74g8BAQ3nTFTReXSl2YoJQVrLCFhHCPzimxAbe0d3i4bpGPaBAvthHhqiNiPll59DCH1IL4NeCm51EPV-0H4Izo6djSqmqfuIyX3YKwpbRxVaMo7Z3DtzZL4ldhKm83MTN3GIpNAfZvXxoxt5wqz9ToZpvLT-ox6i6gAEg2CYIEbROSCnAzIijRdx72LcunLI2RBe5j_SdEqPKoG5jGnQ6wRQgM72U7FlgpyDL9gNCNTwbk-3MAnSOxDFYTOIxh4tPX_lEqGOBylMP_v95Fv1yMRmNt-3YbpVizFmWlye6iHylS_i4_9KhRUE7zlNgnljtvgQbBzApqtFRp8Pof_VxXkjKkON1P0MPZMrexGpJ6DL1LQinWHZWj-WUkemXIQmJeFwKZs5bY67wGqqUn5-jT6onwO8IuHp9Z47_4LRlYrJkN6G6cjpzXKwyrJOua1UEYsl7dTtaG2jjg8ptsiqO5TvsyilFo7S2jdMdIgKV2xnLgKwYap3Q1SwOOrbXt5N3o8tr3OGoOC9Y93LHvRBuQ_q2lji4hO3BH9Ur8t9bLoROBOumBC8oB0h45dGu54jBGPOEKUmE0VQ7Lo1exMYj9Ipr2aEc87jPoC-9t-haktJ1Wvinl-mNSAkvNIX7tOakzuIjtzzGyOHfHHr1bdN3DG7uFmGK-J-ksukYe5wMXJlVRKcHh0xm7Son9wm-mwaoe23W6qLE5LuY6TIYHDdqV-0Inuae1xOWFnL9s8YV1jU-wCVXRUuWC9TssQbhiW7rya2k6eAhrvt4nP7-kVWYijnr8czXzyXasgd6RY5GPRcs3WdgtaPHsGtR-87EPoJDiK4CB8T8jpMUPP-NLVri4DbIjJqMNwLfE61Qw3axZSIqC2l3UowW4QcSntH62_G8V9AJeUY55orcq0RmyBdjPn1DU8uZMZ0231laMNXhUyPdgmRPDeLsr11iwdAzT24o9xojwSQJXEdpTzHXSKdgH84pxnv4OC2IHSR_vs2m8fAID0xDfU7lKO8fx0BXjqRILp4qH8o8v8R0aWeGUa3Csk6BobAwKgNxNxsGokrAeVSB9sxxU44NpoezQZBYgcovvJqUSrQ79VyxB4RcC_u6l5gb9DIBOgb6sRJQ,0.9,1,1
16,c3mm7fkp,615914a33224dc31f1045612,0,16,16,_5_feedback,p13_thanks,2025-10-16 14:09:04.661048,1,,,0.0,"{'association1': 'Intelligent ', 'association2': 'problem solver', 'association3': 'the future', 'association4': 'game changer', 'association5': 'Trustworthy '}",35yjmge4,,,,,0,1.0,https://app.prolific.com/submissions/complete?cc=C1BZPBSV,6Lfx--MrAAAAAO7TIvOcC7Mbm0iTZykUY6zx4v0t,https://app.prolific.com/submissions/complete?cc=C3YAIOZN,ai_fat_2025,6Lfx--MrAAAAAECmXjGWwC2UlbmtcxYOCWQKUWqp,0.0,16,,0.0,1,1,1,16,,0.0,Intelligent ,problem solver,the future,game changer,Trustworthy ,1,1,https://app.prolific.com/submissions/complete?cc=C1BZPBSV,https://app.prolific.com/submissions/complete?cc=C3YAIOZN,16,,0.0,10,8,10,5,"I basically just know the basics. I use it for problem solving, getting answers to questions, and getting information on different things.",1,1,16,,0.0,65,male,,duck,1,1,16,,0.0,yes,,no,Thank you,,615914a33224dc31f1045612,0cAFcWeA5db5yh6vVnvcXP1pff3GeNtW6V_jfoAsh-F9zq_IVMpKRc_VZpiFuj2QxGjObK_c-OnmyVKUdR3p4ZLzwZngNI_2c_BLtZpRhuTjP0VI5Q1asDArj4WxsHvupmi-L8KByZoJ2d58TlL7OXhXp0aWAV29asiGZhDBg3I6w__5WyEaVBgknrL9WVdHqb2AxV-puxZxwtP7XYi-PQNocjVElMynFe_TEcTtBiQOB83hNYM0uy3dxWYJ_DtRRdTRZjinunuZ_y0x4v0z80kQg2ucqbLEDwmy-5e4GjTAZ3QZMOKRz-n5MHPRHlEqX5Y0xJJe5zgdZkz-oRc0cVrGuUGRXXAxS6RH8uayhnN91QqksNs-FYlMfQt71D9HKB1MiXgYk7dBAHZpL2jaQTSjtg0XYNxlXOBj5Bt6qW187lWz0IgtWowntUd29T2ot3zXfjCL7t3-02DPIA_p_w0l5gle2kS2mWnLNHo7Zd3m9aACbPI4RaSzR5JIQdwHBuqkWQCT54ZPp8FJF_8YFtuZO8yPP3z9JWUyI7ivk966I9xzj_GP9oeqEJn7_4Luzth932bwm8Hba61yeFtiu4Qa_-FZFsIqIjr-q6UhNlvJ0kEck3gaFyX5qgBm8_kXVym_jayFFEDFKtSuW38atTs4UGwdrptxJk_KJtCatI2lr542U5FCvif8e-5nsoHuNUo3kRudT37jUlf_HLHNXWcJHqVoJmFXV4QWMOonVgya7nohpxmFylxiVdcGeHEQuRqW3FHaetNE--7EvDUTw9lF6AZZe68enRt8yYv7MNv7utnguuWN98QcYwdlXMKJQUv1RN7WUrkiccRgHo8kI4DysAZiiL6p7Wk79hx7LstTgeyzU-as5FSO2nxzM5CYieWxT6B1H1ZCO_N9d1Ne6p1z0XugpleJ6--3cgrHna1vBGZ7BtvgbrMYRPN_R9nWI1cv89Yw_Xn6PiuLSTd9GU9M5mTGr5mVL5XArQwFE_EJgYJgv4-N34QM-43A3oaCgLOFQ9YAMJ1fqQbTy2loeh9mC8577fo7vambIZBKM6OwOxwIQiS5oVFBdgMmjRFAMx9z0g0MLqQb7zEP2fvbKapURp8bZxvKj716VhY9lJVpVZl2LZbOcTEYzlY0vZ1EyMq7-NrCPTOkV-t95fZeDQVvq6zcXVAkfMIsTiffItQUkQ7fZzKKnZ2RxcZImu9DZfDL2JgNYYKdboKjmu4l8VGiJyukf0bg8jXRtYofbZRmbvywUFAnchPYXP5q-IoC4Tu5wcQoPh6l0aIA_adWAPLjnBzVKhcambY3GHb4ms67kklLEme6Y9MnBm2n0xWGcWJTOKgNg_D7csQX3TICginFf0M6IdPS0kxtlsBOczrsUxFM2si_9OfE9VhkrOo3hM2Jjiqk1ybSJcvHOOqA0hXHyH-WoBzmPqXIqIfYheIUNW5il8xjdLFjEv9-lmrQN4s_U-mX9cQUjEyQcJDGQWWJf_F4fTnmMrjPcmwM1BFeaZ7PviquQcOgl2SLl2XZXkV-dfg3I0XWYZXfbn3MI-YIR6wgd-v0DQYflxkmoOr2XHzYyZwjcbxpfzSuDy9jRwEMK0_-XwKudVWIwWQRJmu6yvHJm8GEdYC08oNj4wElV25pDGd2KgLF0vPP7Pxc-vEodHT2PoRlwZ1azGd7Zh8xgDgacDbOxDIiD5BRvI6BQv8RHkJp2yMXs,0.9,1,1
17,9jqku76a,5df4ed2eae7b303760a9d47c,0,16,16,_5_feedback,p13_thanks,2025-10-16 14:09:55.404611,1,,,0.0,"{'association1': 'gemini', 'association2': 'midjourney', 'association3': 'leonardo', 'association4': 'nano banana', 'association5': 'chatgpt'}",35yjmge4,,,,,0,1.0,https://app.prolific.com/submissions/complete?cc=C1BZPBSV,6Lfx--MrAAAAAO7TIvOcC7Mbm0iTZykUY6zx4v0t,https://app.prolific.com/submissions/complete?cc=C3YAIOZN,ai_fat_2025,6Lfx--MrAAAAAECmXjGWwC2UlbmtcxYOCWQKUWqp,0.0,17,,0.0,1,1,1,17,,0.0,gemini,midjourney,leonardo,nano banana,chatgpt,1,1,https://app.prolific.com/submissions/complete?cc=C1BZPBSV,https://app.prolific.com/submissions/complete?cc=C3YAIOZN,17,,0.0,7,7,7,6,I have used ai to generate images for sticker designs for my shop by entering prompts. I have also used chatgpt mostly when asked to use in online surveys,1,1,17,,0.0,54,female,,duck,1,1,17,,0.0,yes,,no,thanks,,5df4ed2eae7b303760a9d47c,0cAFcWeA6GMmFVcbrsNfdhD09E5COihRSE9whDWl8vX-Ji2k3g4pF7U3MS7caOnXCyt5xKjCLN3mDXhLdh5SrV2T1mLfdrhzMsbgsbb3j_fm5mn4fx3T7TDYTegAOkv1RunpTMddqazEfVEYK_6_6R4qeo2kBcGB3CYvxiUYOjsPGwmWFD4qt7fLgkLWfXOVBDpuLBZE4EPaymXsgokMXNvJnDAVoQ8OWlHFTGkgBlRyk6uXo008qBFvd1e_2qEt1x2wmIPoYGfBj1ZPqy5YhPN7vlt17EFtJdhLJE0uO38c0lcv1lTbyWX3MjwX0TwNzxAejG6d1qcT9jYo4BeFOsk_VDXKu2fSRwoKvyfzHYTtf1MZRT9mIHwPqw0qRtY02lvZ6_UjZYksfqteFc-FDgiFABDfT7mR5ua3zmzZwKoSVy3H9VrlyYgLmnTICdAnOe-99XEeNg9qtDGd4ekpRPfNlbWsp7po34Md-PK_yTbDd_PY0POeKVo4GX2DmJAR9mHkspSJCzh7HUkeKkn8beLBhv9mgiO7YeLJ34BF3jbVKI20Uv3fGCa0cp6w0Shds02TjrEKMdCUG3vpA1EraqOMS7le8SUBYqxtABI6wIY3G5ecw8N-9WSiTqHnaQxAxPmW9OZzsSYqvqGJtszqlrFLfv3KZC-JJWYThXamtTxSlzfi57_5CzYi2gnR2miWupkRHAnMe8S3nTPiFnMJjfYzoFkJP5WypGmwDAxArJbaU5pAsOirsDai5TpBRhOxigQQ7muszPJmKfjUO2XHnJ_HhVku6s8PIM32GylQGJpyHCBvEU89sVt11bzprtKLeYAA1WH6hU5VALgqZ7sWBxfAg23WXkpWySqiAlpdxWAxqZdNPE_x7YP_yzc5gUUKpyxVEBe4Mfn_fCEqWtJSOUXaM3aV9cOHvuQaYrB6Msm1Mfp0K2MxyPMKgQv1yqDXtqaDqULvgTS5NsKleCMMGGr6FApmtn7Oi64FZUxgl6o7mpUcROtKsBUUx-VaNnP1MJxjozQDYUezayukHfieDqmg5BLSUydcpQdsNoYGZ5Ghft_bCI7SPOJBOAZR0iXB0O2LA5TGZBRaUGH9ltZaFTmrCeTEuMcdfO0gMoXN6qSL0pz1ch-OUz-WL07gpiEto3Q8UeNCHoalcWuCOC7f3jsQ6jfJeiEVuHDAuGVs4FV0_v5QLDBOHzdI8GGhnDQVNbCnv_5pWKOOadFXtkvTdNE4umDJSw0siQquoCxYRa04IBu8ZrbYLOhPuM_Z6_rrdci9wrEfT8NRjQyJWJj1mpjkSNESzeJ45x0BbYIYjzYhFNLlak8ja5_3-P8HCwlz-_jnDjr_xZydk1ZX5ts9NVhi3X61qbLoW_kcFUKOWkkLf7zhaDwgmoauppn1ePt7Hj4TxokKVuggwX4oZq5iT2YD4Kt-FYh1goxIrGMFDp7hP9jKo0uCBEoIYwKxLkdktyDnMrMKf0Oxne7n8xvLbL06Htbeah4EH5Ixbl7LJpBeYnRCpnItlOxOcHwrnGuxlB3_lBTxVrUJkxu_yddHlth2uIFYIQRCpU-k_EzsNe-2MuYgg0GU9bCi34IVn_3WxXU86FDivB-VKIpszAMYzH6ZOwbCOnDBpDwg,0.9,1,1
18,k8wljbmv,62349dcdec7c3f8e7e1bc90b,0,16,16,_5_feedback,p13_thanks,2025-10-16 14:10:51.986645,1,,,0.0,"{'association1': 'computers', 'association2': 'algorythm', 'association3': 'machine learning', 'association4': 'artificial', 'association5': 'technology'}",35yjmge4,,,,,0,1.0,https://app.prolific.com/submissions/complete?cc=C1BZPBSV,6Lfx--MrAAAAAO7TIvOcC7Mbm0iTZykUY6zx4v0t,https://app.prolific.com/submissions/complete?cc=C3YAIOZN,ai_fat_2025,6Lfx--MrAAAAAECmXjGWwC2UlbmtcxYOCWQKUWqp,0.0,18,,0.0,1,1,1,18,,0.0,computers,algorythm,machine learning,artificial,technology,1,1,https://app.prolific.com/submissions/complete?cc=C1BZPBSV,https://app.prolific.com/submissions/complete?cc=C3YAIOZN,18,,0.0,5,6,6,6,I am a writer and I use AI sometimes for research. I have found that it can be helpful but you most definitely have to fact check it because it's sometimes wrong,1,1,18,,0.0,55,female,,duck,1,1,18,,0.0,yes,,no,Straightforward study. No issues,,62349dcdec7c3f8e7e1bc90b,0cAFcWeA5zyAojfRxiVZLP3SSlTdJiWqMX2S7KA2sUcvnG_MxdYccm5XG2EESaO8Wy6imdT9ZCoqP09hkpsV0bcHZ6ZRK3k9WJGE_vLgX34r2HJtwJHVfvD1HFUBAw90l-R7fG8V9hMLesZh0ypN_L17Kf47kd1zgKCWErk8tqC4wIXdbx5kJNYJbZscJ2ot6fyZGjJ9606PFbuhWQmbeyD2V84N9lpuPup8n97qUZHkp2NMl08vME-X2y8TFd5RSDnLHamuaDwvAQ-yX9sKVgc3qCQYw25cvvKLPipuYkORZ8ZIsYIAUdim0r4mrovOa7YsVHDgZQKfks1a_NZjZ8C1cSRl-Lzujd1BInulDKmCbR6gWFtulQRG6pAFS6avFFXHAb8Us5gZ3fzA1t-XRk8Hd4mAALnwoJp2NE1pN0zPsQA4JZCZOq-RLxzYOk9LDZkxOqW3RF-GsLa_n9eYlRY86OhdKp_KM6XjKtQPaka4BOJ_jKnrtIVj2y66rS6qoKidDYRlL6_HJCRyjK_kgcnem2s6ggr3QGHTC2lhHx2NhxIRPzHx3jxuDZOKijfa1pQVvh58est40u_aYBkCdg_ySxlFomoDk5AvQ1FpdADczt93QpsNl_Vjrs7G2OVlCtX8t_KMXG7lLOnE4VCOqgcsY5kwvCBKdwk5KeZftYx5Dr5Oqu8r09jF2Rxc6AdmyaHaZcvDwoQeLiIgDWZskj265mh5knkvFJsW9l-560Y6pelhEkPeoi9R75BpNWd5xd2G_0syL9424s0kc7WLQpcBm5K02_9rGK3WYfRMU8Ki3MpAsB5hFZQPToNifoPEZsc0i-LmIrPvalav0nyApZ5PaLI132B7vE3A05Z4dVh1LJjsBuOJNmLzlt6eQ8WHZwuUnj6XFcN_-U4LU9sZKUN9MSx2pim3mxFKRyZVNiW5PNbH614Mv0uFIxRULGXJxWwRM0wQJ4WltZrXdB72S9t-hb4bCIK9VE-Q_WFIKYKOpubDkaAbF5cLD7o_zIhK-_ZJPK9tQHlg3MnD8vOf0eRhxZOv82DJUDaLyGCxjJJbSkKRw9mcHkHFBC27n0k8nN_uigpEs26j3VuwdtkztZEW2L4cJS2sB-B-rwvmEPMEPlZqtPYioWJ_TWOoYv0BeQb4raVGS9DO7WRiwr1KvpFZyZGG5dQ7Wy3YEIQPgkjQfX4Hv_6BcQx96m6VF-fT32AdAPnlNe1cyig60KD7z1RS27GmU1mnz1T--zRwY9GRhSkofc7oivI3WPsiscS1gab1y0FiE9ND7iGvzGydwnNkZ92sxRqf-KZL6rbIkvWYV8ZkUPxxie1BfIClJeUIx-JDwOmQWKQtb3zVCUjFnMaHTc4_RZDmJA3w49z-qDfwMdMAgCjiGq0ccmWHMozGZLXAUSo8Db0tFVo8Qybp6kolZG7bV1ACrBg2ndxLhVdBs63lM65Pq64daagbUWW_8GQuzo5ctPQl90MaZmkEldu_5kDlpLgRStPBlEYhy-DkVOh_11d9JZvsxj-7ViQ-X11c7yT0s-umn6HQ_0LwWypiZ7ZQ7daydqcXzwYHVPiGi77XdxftFIPlo4jSx8jBSUyVxoRCmTeXVnDZ6oBh2JmEZmzMElyuvn10olWL18SZsOPkFqMQFlAFo,0.9,1,1
19,4zltjmsn,5c9ebf067114700016da2813,0,16,16,_5_feedback,p13_thanks,2025-10-16 14:12:24.205067,1,,,0.0,"{'association1': 'copying', 'association2': 'fake', 'association3': 'crawling the web', 'association4': 'seeking', 'association5': 'artifical'}",35yjmge4,,,,,0,1.0,https://app.prolific.com/submissions/complete?cc=C1BZPBSV,6Lfx--MrAAAAAO7TIvOcC7Mbm0iTZykUY6zx4v0t,https://app.prolific.com/submissions/complete?cc=C3YAIOZN,ai_fat_2025,6Lfx--MrAAAAAECmXjGWwC2UlbmtcxYOCWQKUWqp,0.0,19,,0.0,1,1,1,19,,0.0,copying,fake,crawling the web,seeking,artifical,1,1,https://app.prolific.com/submissions/complete?cc=C1BZPBSV,https://app.prolific.com/submissions/complete?cc=C3YAIOZN,19,,0.0,3,5,3,4,I usually can tell when something is AI and know a bit about it.,1,1,19,,0.0,34,male,,duck,1,1,19,,0.0,yes,,no,none,,5c9ebf067114700016da2813,0cAFcWeA4vYHm90ln8d4IVTteoUuOe3fnY7GEjzuESbZ-BbONUT33Qcq3owPUPFrLbi3CcjwTehtyLMIoxMvvpyvsKHBTFJ7ONc0cy7cu2d7vDIK57zMWRcWw-PJXN_JNsvt8-x6qAOP7b6J6Nz5zRP0VQZ_fx0mKUgmB4CPIeHv2YSO-ldgm4wINw5D-WrFuGyKnF0p_0NeVnL8xZgOeRkG2rgKSTs2n2Ux1efL76-jNCmFxOGFAaPKJ8u7ksYguCzA8IU1xrcVwZtSPuSVBbBuz_MtjsNEQB4mZLiYdesili8FU7osaUuvgFJ5-Y2h5pVBd6BONYMd9JW6wrWle5YViDoj0tBIf1C0j6a_mzEKjNRdXgmEzDDJMYhBXkINNYvg5QUkaASM6btg4gP-htl7kS1JuKk63o127f0KL35-9zCxn17SaveHYIsB5r7W_HdVmcAV5GByVcmbkwxdfC9bi7K3RyeGfYDiUg_we-iWOfh-rwvShYG1XWziv0NIkaMO2XeuY3qBkmEw-TibJ9s-dz9RQMncGaKHuIeSUVJTSuc1WZT6QxksUej_YPOw02OYTmxIQ_2Iyr0Q8XGMHAWu-VoLFb0rFUSNkq1Jz2ymh4YPuFxUewDcQ2bJdSq2DPKOBSXMhFk4oXNHysCQuMnjEKsrzUv9f6-U14ffvXGFgsORUY4ce77g-l1CZhsbmreLlnOh_N_WUlJpNsoXn3kcI4tV5rOiSznwym4szpjXujpUyMwiYTrP4ld8AOZleA4A9NQfXx2C7_oyyobUu56_3RxoNsaKE3uBQmglxrtMHJxuTnbdk6Jp6vvI_3ChPOZjulGZuxtrrRc_56VteI_C0UPNMlSpKWy-gpzN0PsAMc8y-kosEQyXIlVhQ25KoBML60zwvi1wqX_YQjAICxuz6CJzyG4CXHm-Pcod6xTsnRaYNb98oTCiXqO_6TZc48WI5QPoMH5xN62nJWEMHPX47aIAJAnMUctSF1cr65oxlGOHtjKaGpQtiNB2s0-xIkFLsYr_o7rEMcSJcHuTo2DZV32cumiFaUcI_r16O035RMItCkki87mFYHF7vmLOBKPpPtgDJHzwIkwk2wxij6P4b9ueSaxcRP2IZMSmDOjbgfYlLat6PdgBYBKPVhhGpL4CyHtCrIv63_6L3Gx3-mkiCiJXEyIWRVHiiIKl-Z87Z1JMl_Qc-qR_3H4L8pzPbtf1zj6X96Cks9t1mVYjF-o6NdbE3kQRPGOSNoi9Mf6oweLjYtfR_WqY2hLRqz6cDKj3LLgUS6FNuEb4ZHRpSdB9zL3FbflcoHF6-jp0suzsd2yWBOFSFZnl_w_gKt8YyOOcp3MgYt2gg7H-pqhdvdEHe6HoACPOxn9vfhCJfUmYPZtsM0iE2EU8YNWfe8_4p7PB4x45YljLtJzbcoTgF4ilebvrTE0mDZfAfvmWxRxBHI3wTshcn5CQJ2bobopshjIo1bLkUy6NPF4Aypx1IY3-_vVF6ICwKkKrTgGPL8L1ql3RtXcPw6DYv6OpOs_D9WmaX1aEVyPF_ji--Eo0MxEYmQ5YRsfVv3CDdRTlUkRTjPvv_73MR9uKyQmJSCGKGmWsoH23vBX4ypur5ZrFJoOmZy4NL6K7lG0TkPRJ6TPmRQq9Gh47jU0bXozYkBKmvAzewB5cPGFf1tlPlf14czt23OF-IVipJQ7aIzRjEQPVof00YQG6pAuujMBt0-ykLpIaRDiCVBejalGYKUEeTMARYhnIrNprBwaKpdUDBqjx0yd2YqnN_J-2ouTeYTrtp9kVGMmq7pX1l3,0.9,1,1
20,wqz6cuom,674530631263934b181d3224,0,16,16,_5_feedback,p13_thanks,2025-10-16 14:12:41.640796,1,,,0.0,"{'association1': 'Creative writing', 'association2': 'Brainstorming', 'association3': 'Productivity', 'association4': 'Developing fast', 'association5': 'Inevitable'}",35yjmge4,,,,,0,1.0,https://app.prolific.com/submissions/complete?cc=C1BZPBSV,6Lfx--MrAAAAAO7TIvOcC7Mbm0iTZykUY6zx4v0t,https://app.prolific.com/submissions/complete?cc=C3YAIOZN,ai_fat_2025,6Lfx--MrAAAAAECmXjGWwC2UlbmtcxYOCWQKUWqp,0.0,20,,0.0,1,1,1,20,,0.0,Creative writing,Brainstorming,Productivity,Developing fast,Inevitable,1,1,https://app.prolific.com/submissions/complete?cc=C1BZPBSV,https://app.prolific.com/submissions/complete?cc=C3YAIOZN,20,,0.0,6,8,8,6,"I use AI systems frequently, my experience is more practical than academic. But I understand what AI is, the basics of how it works and probably more importantly, I know what it isn't.",1,1,20,,0.0,36,male,,duck,1,1,20,,0.0,yes,,no,Thank you for the opportunity.,,674530631263934b181d3224,0cAFcWeA72ExVwJA1wkMOLQokhyBLwuODx421K1XMSDiqG9VWZXLnyGMXgGTMM2fHutIAtMIKD5AhwhPuItIuFYVl-wmVUs_cmTpji18ET8co1j6mLdZDh1lXyxGQOnfS_CyrHZgYiO3Y1dcUM1ZcgOjwM_ff1-4bbt6vt-he5DfqZdau78jZcn373Kzcuk1S90zqGGIgSS3bw7euZWGVQ-78aRmxT-fruZoeQQnkDXHGJu5k7NgVMl03NwpZMlH6G70sHZ_M7qU-sBfAFgdhs5ij5fkNziuGXpiE0KkSVyIllJl_6s78I2mZysWPTx8TOvAuhCVndd3H9dKYpTzGF_-yeowLIi6yP1YCRwYG4QayOOL3_it0ZNvCb1QR8o94mgqFajnV8fBWFrNAWxPyHbqv9OYyKZHqNv0O21Y_ouUDCDOtGvWgIHE9SWVzBtMSu-EvrTZoSsyUepsE9Jz-O283p6iUyRDoa0zEGHJhKkKtHrh1_PydHQ1K2asqGR0aIljThaN6WrAXZMRO7LdcCCowI_XMRh5QKPUp832_yIqfBLZcMvinPb6p4tyFj1zpKZh3sxpywtLTcoHPTsU72BoBFWbZ531ebhsojwwh5nrSqL1GdI1wwlPS-mbAPbLgTEFgy0aFxJ_F_uLaw-h0tmV7X8MhGwz85sHNPMHVBM7G3KIuYKUC-0Ez9HVC3HWt9hAt498nOOvJSLtPKzCRd75oMYS3DOxLDqEouBAKOivLrE3KAEKRwm3v1AXdeiiJBo6mnR1HTy3v4LFGf_d-kZnEn0zymYMPxhmQxliZc9QpP6q6zy9r70dB6IXaem22RZ6U6IftGQn29mz4vsG_hr4jGzHBxI0sJgjXYNUbFnm6VXeafeoxuRq7LuLbTDMVNpMq1Tdjc72MBoAHHYTkqUNpD-i8hh_3dwIVYAhBKXT7oDqcDP339k1_e1jNzy1T-5ZvHd9QSdtvUKXpxZ5DWgFVdlLZYzMSEvtv_ppb5UfuKurz0GqXMx_OuodKs1C6-tqYhQDi1wrwSgk1VZ7QVPLQpL44-8sIfcnZAxH76LY7DKK4uqQvrt0JskF4ZIYF8PhuK2JNdS6Gg7JQ-sCW4ffGgOb0Z13_33qUXDcBQl4ytYaVchN639FB0dFtbbghbsdom9TpVoqHxnF6ltoDWVdfJUSBa1vOCcjNwKd5pIpVmHzcA8QBWB49OTL1MymO1DvleIgvowEeHFMN78VHQdeSLHO1Y5rxr0Yn7-ifaUpLL7IGAiNaTT8SznrfNxWlrNP9t0Bi7mBFVfZhx5v_UtRzdXdVrHe4ni5sqiK_-C8sLtjcVu8-ClFotSd4640t8FBNzM-ixSgMT-xOJp7--E6M8PH_mA5UBq7Myk7eMMCfSen9FLOm9Q_mFd5rHs03VTGxPcgedLxLILMtwGWRVMKcucZPoknTfwWHLE00AxDXpeRUrCscCU58MyX8AEsjEJNr2UVfz03slJiPGwqqSvUYDmZd6WglnAzLNoBvaUMsvsBa-0XkQFVIb6TvPU1Bb0bhFkRiUdjF6fgey5e1q6JDJ9d5Bj39XhJHvWp85h2YLXuS-xR5KgpFlzyS65SO5YhTSn4n4SDDxnQD9Beqs2GJB7vgFR-mKZQ,0.9,1,1
21,cgx82u7d,jellloooo,0,15,16,_5_feedback,p12_prolific_id,2025-10-16 14:13:09.215837,1,,,0.0,"{'association1': '', 'association2': '', 'association3': '', 'association4': '', 'association5': ''}",35yjmge4,,,,,0,1.0,https://app.prolific.com/submissions/complete?cc=C1BZPBSV,6Lfx--MrAAAAAO7TIvOcC7Mbm0iTZykUY6zx4v0t,https://app.prolific.com/submissions/complete?cc=C3YAIOZN,ai_fat_2025,6Lfx--MrAAAAAECmXjGWwC2UlbmtcxYOCWQKUWqp,0.0,21,,0.0,1,1,1,21,,0.0,,,,,,1,1,https://app.prolific.com/submissions/complete?cc=C1BZPBSV,https://app.prolific.com/submissions/complete?cc=C3YAIOZN,21,,0.0,0,0,0,0,f,1,1,21,,0.0,33,self_describe,3,no,1,1,21,,0.0,yes,,no,ok,,,,,1,1
22,kss94mwy,5c28dd50da51990001e31d86,0,16,16,_5_feedback,p13_thanks,2025-10-16 14:13:40.236993,1,,,0.0,"{'association1': 'Intelligent', 'association2': 'Creative', 'association3': 'Useful', 'association4': 'Innovative', 'association5': 'Helpful'}",35yjmge4,,,,,0,1.0,https://app.prolific.com/submissions/complete?cc=C1BZPBSV,6Lfx--MrAAAAAO7TIvOcC7Mbm0iTZykUY6zx4v0t,https://app.prolific.com/submissions/complete?cc=C3YAIOZN,ai_fat_2025,6Lfx--MrAAAAAECmXjGWwC2UlbmtcxYOCWQKUWqp,0.0,22,,0.0,1,1,1,22,,0.0,Intelligent,Creative,Useful,Innovative,Helpful,1,1,https://app.prolific.com/submissions/complete?cc=C1BZPBSV,https://app.prolific.com/submissions/complete?cc=C3YAIOZN,22,,0.0,8,7,3,5,I use it occasionally for personal use and at work. I haven't gotten too involved with the creative aspects of AI as I would like to. I imagine in the future I will AI more frequently for various things.,1,1,22,,0.0,55,male,,duck,1,1,22,,0.0,yes,,no,Thank you.,,5c28dd50da51990001e31d86,0cAFcWeA70KRlf1kSLZu74S7WfZ8NFbrRMyT-JarYj8WbrYpDSx3hXXuJ2duTLk8U8eCysYdxi9fXUQA169j4uCHCLzZckGLjCtSO_bQclkEGCcEC3nHyJJkI037v-XJpx5lcaFPQY8fFbZNZFJ2572enI265ZhNBcF9dNrJef1vQMRxSk26knrdBpl0_Dx5hsbR4GRfom_Kj1Qh7trHuc0C6ZUhFLd6DzxZJk_FlfFvA27gp-VsDxW0od2uy202271aiy2Q5UYUukZ_70ecxRxuSAcLREHOGDK43N1AeWee5eolP8vZydbkdPF-XT8VuA50v4zVhmRN0zl0kuOK_kqkelEpYa-9cAtOBf1YhLEVARlRgJbe3w8_4tkp46FoofFu1ua56qdupiIQWPbvtSckYcQxJxKVgJHiUuCF0ojqCqZ_eS8k9jkhRQzX1TOeuvoc76RRJNXrS8MjApx2HRkTV_bD5QVPkKSlG2bTSrAqoUST9d4oXrIsb3lGTdz3Z_-pTL99BaBgs-EFfJlZ0DNDc8Z-FiA5ZAToJFRIZrk7YSXuCTkpj4LSuERKpuRRUmNC-NBTQM2c71Xi3inAziemac6nIa9kMk_DyRCsir3a-NUsaEI_Tm-R8NEVw4FM3CsSdR8gZ3Qa-WesqLUAtfoRpX7sQwLVWMvqpzAM1uE3CQsIYzBygjpnL56iQ-JldjQs6FwrgWNGgeTasZ9-dQIY-Awx6n45Pn3Y4SOV-ZPvIud6QsTEiC0OZ5qZGv28LPzX4knCj5Tz7EQCSqC93GL7L_ctilNaJuQgrIggPdCp_TSRX3VI2XvJnzJWLWO1jcsO_4DjQsPkUQSezcQk4HGa21f2XlujqLjL1pTUp9BjAX7IhhMOUMRd-gMXku4ifXGQHVJcEmwzvdESKkGejSAN5syVJw5GONPHq6_0Oq3ok8yQEH4nhoSJEiN52KHngSEEHfzePBptU874hILynuYn5tG7UaXgcvw6_wVvzY0oX_mitRlzLDd1RV7BNKDmDpQclvENhfWLCL36fSZEODX6hgnoMbbaKbKuf_O679Aa-wdJM5MT24qCKGkI94_sYNiIZNtIi2Msp7CerbG34a-KlKSW8rd63FsXBL6waWB5SDMgkv30AKkOkjLIWz1LEyzSpSLra07NbGqcJknmPy2bcyH0pNCMieJUifB3nYxnXducuWWSG24GdJ1iOORHBqGO0h3Ehc_W5F5Jj4b62UzTCyJVXrJeKWC6ur3bhKaMkcbXNF1s6s0jIRJEMdlfpsgEeh8J3iHSDVSi1Emdfc-n6pjfWl333E6m0wJbkAMS9hVmA3eDbhxMKKT_tXEXpN0gkPiFBGKIywFdzlRyEho8QaFFHY5ZdQ8Uj4VP_2zbKO-fEU0G9fov1RkiY0xvsxQAW5pWvlegaQjOCNaYxKOdEWB0kkBy2gAgHVenDjxax0v0lC-hutW85ZQthao1yVHb3NMH_9PPHpa_nzzQu2cSqjQCqokqDtwck0waIZ72eFRMC1UJgsQ26A2eXFw30JOLt3xeO99ZuzX25eP6qNw4lDBFfoBnq9JwKQZ9EBVGkXaAOOrIEz928,0.9,1,1
23,pll21c4s,66cec5a3fdf1fe2c010e9971,0,16,16,_5_feedback,p13_thanks,2025-10-16 14:14:47.713525,1,,,0.0,"{'association1': 'it is the assit of computers ', 'association2': 'use of machine to make deccisions ', 'association3': 'assit in various task', 'association4': 'help line to variuos tasks ', 'association5': 'help in working'}",35yjmge4,,,,,0,1.0,https://app.prolific.com/submissions/complete?cc=C1BZPBSV,6Lfx--MrAAAAAO7TIvOcC7Mbm0iTZykUY6zx4v0t,https://app.prolific.com/submissions/complete?cc=C3YAIOZN,ai_fat_2025,6Lfx--MrAAAAAECmXjGWwC2UlbmtcxYOCWQKUWqp,0.0,23,,0.0,1,1,1,23,,0.0,it is the assit of computers ,use of machine to make deccisions ,assit in various task,help line to variuos tasks ,help in working,1,1,https://app.prolific.com/submissions/complete?cc=C1BZPBSV,https://app.prolific.com/submissions/complete?cc=C3YAIOZN,23,,0.0,7,5,7,7,i use atrificial intelligence in my line of work ,1,1,23,,0.0,50,female,,duck,1,1,23,,0.0,yes,,no,no comments,,66cec5a3fdf1fe2c010e9971,0cAFcWeA7L7n5j2smwbgZZWcZehdKL7uDBDv88xd_bQ9ZhsrWWBPXojqXPoPGdv8ZlADbb-_xdfy7ncdBRsK0zymBK7s2QvbpFL90gIU9rRnEYAqpk28EQrCsG3zPUASEwQ5vyDVRgUQ4Bt1wHcsZkgejQnZOk93mvogNRT4oPnId21R6Fv31R_BXshC8v75GViwUKmuhX_CK-7-WHugfdhBdoR_YFKLHuUAA1HDtw78oVf0onWmDedsrjpQJSdAloMYM88ryIguZbOA9_DqbOyZnBkaBbjp_7Y113i1w9eJEpdEOiTEHOldLw4Ao67GByUeis3WeI3vL-T0ImVvJ84WIg0g0T6gqZAubUiwKWh0dtkJoXmoKyoJMGQEygeGQVL9pBCYYQI2r-6UCSYdM1ok7oF0q2nxdCqMCcErLLabpfXjX6GcQt5zsr9WFsE_6w88LnYR6E3E2z0MQYThjrvtA6_oXVEIsfxmXSZvd00yfuJSfwPwQ9VjyXzR5-0PL1pRpHUFcHk88v_aP-Fz4mlLxIQm2uN443fDHVbs8-F0EdC_U5nktrueSnODH66S7AMMdGo0aacYT9YFa0GEbHp1j6c6vvKoS977Gck0XkHvijmmaNqqt9X0IhoriQ-R1t8qm3nXBqnJoIzh0CYhjnEJf6ZNSiMneksndG0y9BSpPVCWG4wzohtp_0vU_kkvFBPpnS-eLY8piMWCarnsCG-5eCjMDczF1lSfccGdUWtEZ1Oz5ef983Sp7vPnOhGr9L7DSj2sEc1NmQC79tPthDARsorVTF2sj_JgQ6s9kUv_SpPLml89MFjPY_Ym_Ctp7BZDBHMtuJJUFOoUToFnqu5GrjNOrqc0WLFw9JnRctbNHbXC8i4pfkqxUJJMKTYo4QG4qbpgTbOp0EsOLhyzuQlN2CWI_9FtS1BUQ3RI4t81LA1ApmjZ99jJwXZYNlyXgY68BahVjptx_PKjh9m8f-lTfvyzhMnvGZ1wlrTQ4JSgDW75trOZpBARE17NPTBSTjyd2MOkViwQxt3rc8Z6nPlsssIM3tD5r-qo-Jgu7ApTsQculVIz41ojFoqmT3O-1VT8xFoDnJRMEGkRH-KflNCkyqDjaupO0Y3N7CoZd-JQuPZI9uVhvc4rfHY1dgxhyHK-6yh55-rSI4t68EyEaxga6ANnxDO1l11CYoGCAHf8DpyO_bckiErcByPxJl15lPxjzQ2AIFgXvbLmauq8Phxi9Lv196s9STaMQrWVPdrIb7sc4sgND6_Q9S1YB2XqCjIbuz72LOsJgMEMppjj_ynWEkclbOuqlf8UsB29kJjalJzQbnmnxDppiSLhVoY6mrTEhFLYIHyIuzauWvSZwUonjitAJ3C4oikPBOYrcTIqdUPonFsH6c7f5_MfK276eq9nefU0WNr-GrlcMRGqWmyyGaw7gMWwhafybzuJRCqfRFc_RHMXH8tPZiZJ7eKYuafxoPQuvMWVYD6VMt1eJ8yHPFNnpzF-L-3zD56ZCU7V2rE096Rk_mg-SxUwi6LUAzuoxrlbTRTGhjdbmkukdklRzbZH6TQO_VUCgGHqpPpYTn4cV8u_YCvEyBobNYneeJUPXyAG_4w7_00NluBQ85K361nzoNsBG85c9mvl4ET91cjVrwzSc1M6De1ozFIhM-PQiD7xH9wlQ4f_PzLEHOiLS8CxmvsKSNeDb1i-EC760PRRb9u4JMn_YttjmARAeSRUsaaI8YEeSw8Pr31-YC0tOc8DpiDv5V1TbOLi7uu_DFHSirEw3cmXwpwss9jJKoGboMulynchU3,0.7,1,1
24,xaqlzx4z,66bdf79c29a4dd71ff4de0d0,0,16,16,_5_feedback,p13_thanks,2025-10-16 14:21:41.841668,1,,,0.0,"{'association1': 'technology', 'association2': 'futuristic', 'association3': 'helpful', 'association4': 'productivity', 'association5': 'energy'}",35yjmge4,,,,,0,1.0,https://app.prolific.com/submissions/complete?cc=C1BZPBSV,6Lfx--MrAAAAAO7TIvOcC7Mbm0iTZykUY6zx4v0t,https://app.prolific.com/submissions/complete?cc=C3YAIOZN,ai_fat_2025,6Lfx--MrAAAAAECmXjGWwC2UlbmtcxYOCWQKUWqp,0.0,24,,0.0,1,1,1,24,,0.0,technology,futuristic,helpful,productivity,energy,1,1,https://app.prolific.com/submissions/complete?cc=C1BZPBSV,https://app.prolific.com/submissions/complete?cc=C3YAIOZN,24,,0.0,7,6,8,6,"I am a regular user of AI and know a lot about how to use it. However, I don't know that much about building it or the back end.",1,1,24,,0.0,30,female,,duck,1,1,24,,0.0,yes,,no,none,,66bdf79c29a4dd71ff4de0d0,0cAFcWeA4zxFIMSJlzIaHjlvHmEvu6GbMNHiJhW9vyWEgy8XO1CpaoMaA0p3ZyOa5aKQ3eXUx9LyDYdu22AOPJWGVMZnHZMU5SvL6fUpDTLU4Nx685O6ykpr73w5YVPr0pjaB23oXkqmQnLONNuJe7TMqJrtYu4CciRtXZjy0ibfFyBmWtZU8hgpatEcJ43cZ4MNGCITkUvhSIoEBCyQDEXUnYD8EYVOkLykKnpwNv2Fq-Rtqqv3x9mROy8Au7yuq7VmtKs5p0QQ0uOPs5oT7w2c0pE4OuNr6oL3SHQq0gj_xUzg4w2Y5mTJMZofUb80r8YpurhawSdppCE0oy4rdRcd1Fvc3DaGgOZcGpTCiGoJnIhCSMewDy0asEHxd322k40Agryuo-tCZWoK_KeL5jMuMaui40gq7SDYBQxcLvygmWaClExU4dtLxVar5Oq8t2USi3AIjM8U9TarQv-ltzuLSf6A8njNSIXn0pzcV8mRjCoQmJ0B6Iytf2iqELIKx_5JZlAqFwpWREsijpFMq4iMrNIdi112g57X03tUTbbPyhfVveTQpbmwZN4LHrMnngeJQ4OxB97iZxNYBNAD3hWvZZCg6vgKCwRw5VcImhTt2Msz1sI8jzoEk7DQtlOtrb2R8_uVX-64zVSbvKrzXFac6yUsfUqOmVqW8IABuDONCa24_hLOGMkzfuHMVZYN_qYtXNHudjUEDZfartnyYhxz9MjWZ6h1vmzs3HDTbO2kQAa06wFUmOaQtkr4WI5WfSN9hmOaJLlYkIchOz98A07LVdvRxWiA_ApKl03eOOReDqkjo_UdlJ29pDI8gOS8tshmMDSxvLeLzyfFpntDIwpDISfOSsZfErh1sKSJjylljDPwXmX4nSFlYwp7qo6Sdhbac4vxnsyv6MveyD7tmBKoRtSQBGRK1DVyYOSBOxunrPuiikWRPn1vQJZZFDFlip02_3rFK1Y_CA4VLHL5JMP7YG2TgpHBSgpLIzatJ1k0jeZqDwDUF7PDnCp8mCVrGCSchkNcfDc4we0cKArh4cUILBKdpNLEsfJB64dTsOjL2k9PXmo7BT3jbWFLCuVHuaQP4_2tX94yzynkdk281qMn6FB8tvJjtICQ4rdwBPG3iJy-yLEzWe60-Pp-IIBQJxI3TVJWn2wruC4jBA-7yjO2KTaPJ9GErZzN382SwdQGzJHIcpT8KSarr2JpUEfNZgAybvGTrxH-KKTi1qC3txW2rtFB2yZ4M5vLyokhfuoPSLzrkP8G9JxHvljfuGvJSHtJXvO78DCPCRFNHmvJ4AltLGyIYnw7PQ-_o_R7nx9wm-YtoASLKRZT5xbs7dchzItug2iS2WCjxVViyLB8f10z50jS26SEkNupaNjnPlxzODKOg0pQKYEN-L8MF568IODmqxcxZL9f0k7eAZUzudP3AM7ielNpvezu8t5102T88-SHfbguwf-nLqsCvbOdzWJlx9ocvm1Sdb2mQMwkC8ms8p6Jw9TqYYoqWLRchB42JlZArykEBcJPjJ7UrUaEqBWK5B4foIQPPwCXwkySPpz7j49gBZ0otvrd2pQn3bqs_5A3kmP1OE2KGWQGZbq0sU0vI0pNz2XUA8,0.9,1,1
25,7wyifw91,66f9a40196d53f05f2232cff,0,16,16,_5_feedback,p13_thanks,2025-10-16 14:42:05.107078,1,,,0.0,"{'association1': 'technology', 'association2': 'future', 'association3': 'advanced tech', 'association4': 'helpful', 'association5': 'job loss'}",35yjmge4,,,,,0,1.0,https://app.prolific.com/submissions/complete?cc=C1BZPBSV,6Lfx--MrAAAAAO7TIvOcC7Mbm0iTZykUY6zx4v0t,https://app.prolific.com/submissions/complete?cc=C3YAIOZN,ai_fat_2025,6Lfx--MrAAAAAECmXjGWwC2UlbmtcxYOCWQKUWqp,0.0,25,,0.0,1,1,1,25,,0.0,technology,future,advanced tech,helpful,job loss,1,1,https://app.prolific.com/submissions/complete?cc=C1BZPBSV,https://app.prolific.com/submissions/complete?cc=C3YAIOZN,25,,0.0,7,5,4,4,I use AI occasionally but only for basic answers or help. I don't have extensive knowledge about it.,1,1,25,,0.0,49,female,,duck,1,1,25,,0.0,yes,,no,Thanks for the opportunity to participate!,,66f9a40196d53f05f2232cff,0cAFcWeA56oJjn18YpOGa0BypHHQmH1JG5YfoMx1BJkLKGa-XDxQekSv4m4lfdNFs3J8DTY_ufsa9FHzQgTrodSg3jZZaftnrQyub-ryOd5Q4Y2CpYlPlXfmqTucFrT8Y3fzbchqRuG3tVnmPdLBaJrP8uRAJBVB1ZBCelUOgH_PVyQeBCC2-UfZCcMWQrK5LL5Yk3afkp_rB0851OSbOfnUxiU1okcfVt45XTYKJTypZITw0ET2-5RIN_SRyBFR7Z9kQkFCIGMav6Dk3sitzYiECqDIGQCLQlcJ9frmGpFuO_6ztbh5wnVzyHCHDK3TbcHY6eZA2tEIDd3qNkUZ81tRUbzE1tXzVDE0Jz1lla2edAOxQtkxSGREGJYM01Me4osh0c3X9G4vX0fudRP7LX5C66kbeYqSPWHj3j9H4_WsnVVXH0JB81b4AOFZpH0rOGfys5axGIUG5NvmHKZL078I3w1rqLdFMY3AVAkav06YQAuuSsh3DR4Fmdzgd34tC9i-_K-o2AI7QYlKI8ftSBanV-3QsfE9DlM_6YIZY9ETLBSbnTqL_MdMhUOYYGAjgre3bwc0TSCyyE5ih1QTGbXm8iIgGUp6Wj7rWFmHMmSeJ9DbVJUe9Mm1VT-DBUcsdZfj8e3a25jCavJsheabdNe-nqs-vdnCRs1rOKrA-CwWl5p2cpozKzfryE2zc9m3XnY5YaT7GdsG3wCmrGei_ovscLqKOsydTwqTW7hMFzRLBsqxcFTQnIVh97pfjo70iNhXMjTOC3DbBx_PclUqfG1kIDmmJ4vf08E829-a3YBu9IDLkeXttak_KtCtDJo64YcWpUDdVX8Iz9Zo8X97zIxz1rH2pZ4VI7pJLRCwD3EM8msBSn7i1ceTAED0z2Wl92LnXE9b9Tid9YGwVOrfyLrRX9SjslJ7aYwOP1-CDZH3PhcwbIURTlEtTNH2NXd7AgDnCW7WGSH5DSZOPxjGTZjjg2qZkpBrfT058_uViWnP_wVXANmTk0B58-0O8JliypBdEHclDhMOmVLlEOfsZRzPXOqggABJHEaxpy05trULJA3_sXf-Tfu6RmVCJKvgmGiyvU9VGRK3eq7zb1ozf1VxtVef91u5BBfdlY3SOV4lLLzkfb2DEmVaayeokJy9Fw6y-lHQdJiXdAxWlHBao5g611VMMv89HPHYeXzTEG6beBiRs3HAnIQpvKfeBwZQpzZK-36vsKv5uqobBRrfOU1sicO5-xidzmX5rIPSsLhDNYB_DkoVDsKzjmMSTYGoG4Frfdn8lxxIfiwe-U1H1UVG07WNDOSQMqcN2q089-IHelIlwkjKTm7ie5Vt91YtJK9e2vKCSYiXVENfOdH_LIVIHoBNsdjIL95Kv57xTuIGlcYkVKh0VjfjebPXBeb48bQqGt_wjmcxYcbqBI99Z9gV5DemM0zHwoaqKywLzNiiUryKaDRhT5YZckvddvFuzj8MQlScDsRJBVeee5Wgr0mRF05ghkjeFrrrMBRrInqgFMpUWcCyVZAaLfmMkAl654xqHGE0UIrfWK2EFElZZoJJpdsjy6CtImXvXdonl-QW4xhbru74gs3uInmxuDLGdjty1bWVCPCXbTpk8TqPUNZjoSk8sfR3bgizskcJut_peoVrfC89769WU,0.9,1,1
26,d8f4rhy8,,0,0,16,,,,0,,,0.0,,35yjmge4,,,,,0,1.0,https://app.prolific.com/submissions/complete?cc=C1BZPBSV,6Lfx--MrAAAAAO7TIvOcC7Mbm0iTZykUY6zx4v0t,https://app.prolific.com/submissions/complete?cc=C3YAIOZN,ai_fat_2025,6Lfx--MrAAAAAECmXjGWwC2UlbmtcxYOCWQKUWqp,0.0,26,,0.0,,1,1,26,,0.0,,,,,,1,1,https://app.prolific.com/submissions/complete?cc=C1BZPBSV,https://app.prolific.com/submissions/complete?cc=C3YAIOZN,26,,0.0,,,,,,1,1,26,,0.0,,,,,1,1,26,,0.0,,,,,,,,,1,1
27,zguvlepq,,0,0,16,,,,0,,,0.0,,35yjmge4,,,,,0,1.0,https://app.prolific.com/submissions/complete?cc=C1BZPBSV,6Lfx--MrAAAAAO7TIvOcC7Mbm0iTZykUY6zx4v0t,https://app.prolific.com/submissions/complete?cc=C3YAIOZN,ai_fat_2025,6Lfx--MrAAAAAECmXjGWwC2UlbmtcxYOCWQKUWqp,0.0,27,,0.0,,1,1,27,,0.0,,,,,,1,1,https://app.prolific.com/submissions/complete?cc=C1BZPBSV,https://app.prolific.com/submissions/complete?cc=C3YAIOZN,27,,0.0,,,,,,1,1,27,,0.0,,,,,1,1,27,,0.0,,,,,,,,,1,1
28,zq851rix,,0,0,16,,,,0,,,0.0,,35yjmge4,,,,,0,1.0,https://app.prolific.com/submissions/complete?cc=C1BZPBSV,6Lfx--MrAAAAAO7TIvOcC7Mbm0iTZykUY6zx4v0t,https://app.prolific.com/submissions/complete?cc=C3YAIOZN,ai_fat_2025,6Lfx--MrAAAAAECmXjGWwC2UlbmtcxYOCWQKUWqp,0.0,28,,0.0,,1,1,28,,0.0,,,,,,1,1,https://app.prolific.com/submissions/complete?cc=C1BZPBSV,https://app.prolific.com/submissions/complete?cc=C3YAIOZN,28,,0.0,,,,,,1,1,28,,0.0,,,,,1,1,28,,0.0,,,,,,,,,1,1
29,ykljl7f8,,0,0,16,,,,0,,,0.0,,35yjmge4,,,,,0,1.0,https://app.prolific.com/submissions/complete?cc=C1BZPBSV,6Lfx--MrAAAAAO7TIvOcC7Mbm0iTZykUY6zx4v0t,https://app.prolific.com/submissions/complete?cc=C3YAIOZN,ai_fat_2025,6Lfx--MrAAAAAECmXjGWwC2UlbmtcxYOCWQKUWqp,0.0,29,,0.0,,1,1,29,,0.0,,,,,,1,1,https://app.prolific.com/submissions/complete?cc=C1BZPBSV,https://app.prolific.com/submissions/complete?cc=C3YAIOZN,29,,0.0,,,,,,1,1,29,,0.0,,,,,1,1,29,,0.0,,,,,,,,,1,1
30,anv5mdzk,,0,0,16,,,,0,,,0.0,,35yjmge4,,,,,0,1.0,https://app.prolific.com/submissions/complete?cc=C1BZPBSV,6Lfx--MrAAAAAO7TIvOcC7Mbm0iTZykUY6zx4v0t,https://app.prolific.com/submissions/complete?cc=C3YAIOZN,ai_fat_2025,6Lfx--MrAAAAAECmXjGWwC2UlbmtcxYOCWQKUWqp,0.0,30,,0.0,,1,1,30,,0.0,,,,,,1,1,https://app.prolific.com/submissions/complete?cc=C1BZPBSV,https://app.prolific.com/submissions/complete?cc=C3YAIOZN,30,,0.0,,,,,,1,1,30,,0.0,,,,,1,1,30,,0.0,,,,,,,,,1,1
31,4eyi3yis,,0,0,16,,,,0,,,0.0,,35yjmge4,,,,,0,1.0,https://app.prolific.com/submissions/complete?cc=C1BZPBSV,6Lfx--MrAAAAAO7TIvOcC7Mbm0iTZykUY6zx4v0t,https://app.prolific.com/submissions/complete?cc=C3YAIOZN,ai_fat_2025,6Lfx--MrAAAAAECmXjGWwC2UlbmtcxYOCWQKUWqp,0.0,31,,0.0,,1,1,31,,0.0,,,,,,1,1,https://app.prolific.com/submissions/complete?cc=C1BZPBSV,https://app.prolific.com/submissions/complete?cc=C3YAIOZN,31,,0.0,,,,,,1,1,31,,0.0,,,,,1,1,31,,0.0,,,,,,,,,1,1
32,uxa2478g,,0,0,16,,,,0,,,0.0,,35yjmge4,,,,,0,1.0,https://app.prolific.com/submissions/complete?cc=C1BZPBSV,6Lfx--MrAAAAAO7TIvOcC7Mbm0iTZykUY6zx4v0t,https://app.prolific.com/submissions/complete?cc=C3YAIOZN,ai_fat_2025,6Lfx--MrAAAAAECmXjGWwC2UlbmtcxYOCWQKUWqp,0.0,32,,0.0,,1,1,32,,0.0,,,,,,1,1,https://app.prolific.com/submissions/complete?cc=C1BZPBSV,https://app.prolific.com/submissions/complete?cc=C3YAIOZN,32,,0.0,,,,,,1,1,32,,0.0,,,,,1,1,32,,0.0,,,,,,,,,1,1
33,i3v5pu6b,,0,0,16,,,,0,,,0.0,,35yjmge4,,,,,0,1.0,https://app.prolific.com/submissions/complete?cc=C1BZPBSV,6Lfx--MrAAAAAO7TIvOcC7Mbm0iTZykUY6zx4v0t,https://app.prolific.com/submissions/complete?cc=C3YAIOZN,ai_fat_2025,6Lfx--MrAAAAAECmXjGWwC2UlbmtcxYOCWQKUWqp,0.0,33,,0.0,,1,1,33,,0.0,,,,,,1,1,https://app.prolific.com/submissions/complete?cc=C1BZPBSV,https://app.prolific.com/submissions/complete?cc=C3YAIOZN,33,,0.0,,,,,,1,1,33,,0.0,,,,,1,1,33,,0.0,,,,,,,,,1,1
34,xojztxwx,,0,0,16,,,,0,,,0.0,,35yjmge4,,,,,0,1.0,https://app.prolific.com/submissions/complete?cc=C1BZPBSV,6Lfx--MrAAAAAO7TIvOcC7Mbm0iTZykUY6zx4v0t,https://app.prolific.com/submissions/complete?cc=C3YAIOZN,ai_fat_2025,6Lfx--MrAAAAAECmXjGWwC2UlbmtcxYOCWQKUWqp,0.0,34,,0.0,,1,1,34,,0.0,,,,,,1,1,https://app.prolific.com/submissions/complete?cc=C1BZPBSV,https://app.prolific.com/submissions/complete?cc=C3YAIOZN,34,,0.0,,,,,,1,1,34,,0.0,,,,,1,1,34,,0.0,,,,,,,,,1,1
35,61ngfyq2,,0,0,16,,,,0,,,0.0,,35yjmge4,,,,,0,1.0,https://app.prolific.com/submissions/complete?cc=C1BZPBSV,6Lfx--MrAAAAAO7TIvOcC7Mbm0iTZykUY6zx4v0t,https://app.prolific.com/submissions/complete?cc=C3YAIOZN,ai_fat_2025,6Lfx--MrAAAAAECmXjGWwC2UlbmtcxYOCWQKUWqp,0.0,35,,0.0,,1,1,35,,0.0,,,,,,1,1,https://app.prolific.com/submissions/complete?cc=C1BZPBSV,https://app.prolific.com/submissions/complete?cc=C3YAIOZN,35,,0.0,,,,,,1,1,35,,0.0,,,,,1,1,35,,0.0,,,,,,,,,1,1
36,j31a5axy,,0,0,16,,,,0,,,0.0,,35yjmge4,,,,,0,1.0,https://app.prolific.com/submissions/complete?cc=C1BZPBSV,6Lfx--MrAAAAAO7TIvOcC7Mbm0iTZykUY6zx4v0t,https://app.prolific.com/submissions/complete?cc=C3YAIOZN,ai_fat_2025,6Lfx--MrAAAAAECmXjGWwC2UlbmtcxYOCWQKUWqp,0.0,36,,0.0,,1,1,36,,0.0,,,,,,1,1,https://app.prolific.com/submissions/complete?cc=C1BZPBSV,https://app.prolific.com/submissions/complete?cc=C3YAIOZN,36,,0.0,,,,,,1,1,36,,0.0,,,,,1,1,36,,0.0,,,,,,,,,1,1
37,z41vhzjl,,0,0,16,,,,0,,,0.0,,35yjmge4,,,,,0,1.0,https://app.prolific.com/submissions/complete?cc=C1BZPBSV,6Lfx--MrAAAAAO7TIvOcC7Mbm0iTZykUY6zx4v0t,https://app.prolific.com/submissions/complete?cc=C3YAIOZN,ai_fat_2025,6Lfx--MrAAAAAECmXjGWwC2UlbmtcxYOCWQKUWqp,0.0,37,,0.0,,1,1,37,,0.0,,,,,,1,1,https://app.prolific.com/submissions/complete?cc=C1BZPBSV,https://app.prolific.com/submissions/complete?cc=C3YAIOZN,37,,0.0,,,,,,1,1,37,,0.0,,,,,1,1,37,,0.0,,,,,,,,,1,1
38,h9c54ykw,,0,0,16,,,,0,,,0.0,,35yjmge4,,,,,0,1.0,https://app.prolific.com/submissions/complete?cc=C1BZPBSV,6Lfx--MrAAAAAO7TIvOcC7Mbm0iTZykUY6zx4v0t,https://app.prolific.com/submissions/complete?cc=C3YAIOZN,ai_fat_2025,6Lfx--MrAAAAAECmXjGWwC2UlbmtcxYOCWQKUWqp,0.0,38,,0.0,,1,1,38,,0.0,,,,,,1,1,https://app.prolific.com/submissions/complete?cc=C1BZPBSV,https://app.prolific.com/submissions/complete?cc=C3YAIOZN,38,,0.0,,,,,,1,1,38,,0.0,,,,,1,1,38,,0.0,,,,,,,,,1,1
39,vi2s3jyj,,0,0,16,,,,0,,,0.0,,35yjmge4,,,,,0,1.0,https://app.prolific.com/submissions/complete?cc=C1BZPBSV,6Lfx--MrAAAAAO7TIvOcC7Mbm0iTZykUY6zx4v0t,https://app.prolific.com/submissions/complete?cc=C3YAIOZN,ai_fat_2025,6Lfx--MrAAAAAECmXjGWwC2UlbmtcxYOCWQKUWqp,0.0,39,,0.0,,1,1,39,,0.0,,,,,,1,1,https://app.prolific.com/submissions/complete?cc=C1BZPBSV,https://app.prolific.com/submissions/complete?cc=C3YAIOZN,39,,0.0,,,,,,1,1,39,,0.0,,,,,1,1,39,,0.0,,,,,,,,,1,1
40,d4ca6f84,,0,0,16,,,,0,,,0.0,,35yjmge4,,,,,0,1.0,https://app.prolific.com/submissions/complete?cc=C1BZPBSV,6Lfx--MrAAAAAO7TIvOcC7Mbm0iTZykUY6zx4v0t,https://app.prolific.com/submissions/complete?cc=C3YAIOZN,ai_fat_2025,6Lfx--MrAAAAAECmXjGWwC2UlbmtcxYOCWQKUWqp,0.0,40,,0.0,,1,1,40,,0.0,,,,,,1,1,https://app.prolific.com/submissions/complete?cc=C1BZPBSV,https://app.prolific.com/submissions/complete?cc=C3YAIOZN,40,,0.0,,,,,,1,1,40,,0.0,,,,,1,1,40,,0.0,,,,,,,,,1,1
41,0o25oex4,,0,0,16,,,,0,,,0.0,,35yjmge4,,,,,0,1.0,https://app.prolific.com/submissions/complete?cc=C1BZPBSV,6Lfx--MrAAAAAO7TIvOcC7Mbm0iTZykUY6zx4v0t,https://app.prolific.com/submissions/complete?cc=C3YAIOZN,ai_fat_2025,6Lfx--MrAAAAAECmXjGWwC2UlbmtcxYOCWQKUWqp,0.0,41,,0.0,,1,1,41,,0.0,,,,,,1,1,https://app.prolific.com/submissions/complete?cc=C1BZPBSV,https://app.prolific.com/submissions/complete?cc=C3YAIOZN,41,,0.0,,,,,,1,1,41,,0.0,,,,,1,1,41,,0.0,,,,,,,,,1,1
42,ztup01nd,,0,0,16,,,,0,,,0.0,,35yjmge4,,,,,0,1.0,https://app.prolific.com/submissions/complete?cc=C1BZPBSV,6Lfx--MrAAAAAO7TIvOcC7Mbm0iTZykUY6zx4v0t,https://app.prolific.com/submissions/complete?cc=C3YAIOZN,ai_fat_2025,6Lfx--MrAAAAAECmXjGWwC2UlbmtcxYOCWQKUWqp,0.0,42,,0.0,,1,1,42,,0.0,,,,,,1,1,https://app.prolific.com/submissions/complete?cc=C1BZPBSV,https://app.prolific.com/submissions/complete?cc=C3YAIOZN,42,,0.0,,,,,,1,1,42,,0.0,,,,,1,1,42,,0.0,,,,,,,,,1,1
43,5le8yr5o,,0,0,16,,,,0,,,0.0,,35yjmge4,,,,,0,1.0,https://app.prolific.com/submissions/complete?cc=C1BZPBSV,6Lfx--MrAAAAAO7TIvOcC7Mbm0iTZykUY6zx4v0t,https://app.prolific.com/submissions/complete?cc=C3YAIOZN,ai_fat_2025,6Lfx--MrAAAAAECmXjGWwC2UlbmtcxYOCWQKUWqp,0.0,43,,0.0,,1,1,43,,0.0,,,,,,1,1,https://app.prolific.com/submissions/complete?cc=C1BZPBSV,https://app.prolific.com/submissions/complete?cc=C3YAIOZN,43,,0.0,,,,,,1,1,43,,0.0,,,,,1,1,43,,0.0,,,,,,,,,1,1
44,ywmgme7t,,0,0,16,,,,0,,,0.0,,35yjmge4,,,,,0,1.0,https://app.prolific.com/submissions/complete?cc=C1BZPBSV,6Lfx--MrAAAAAO7TIvOcC7Mbm0iTZykUY6zx4v0t,https://app.prolific.com/submissions/complete?cc=C3YAIOZN,ai_fat_2025,6Lfx--MrAAAAAECmXjGWwC2UlbmtcxYOCWQKUWqp,0.0,44,,0.0,,1,1,44,,0.0,,,,,,1,1,https://app.prolific.com/submissions/complete?cc=C1BZPBSV,https://app.prolific.com/submissions/complete?cc=C3YAIOZN,44,,0.0,,,,,,1,1,44,,0.0,,,,,1,1,44,,0.0,,,,,,,,,1,1
45,ol2qg1ip,,0,0,16,,,,0,,,0.0,,35yjmge4,,,,,0,1.0,https://app.prolific.com/submissions/complete?cc=C1BZPBSV,6Lfx--MrAAAAAO7TIvOcC7Mbm0iTZykUY6zx4v0t,https://app.prolific.com/submissions/complete?cc=C3YAIOZN,ai_fat_2025,6Lfx--MrAAAAAECmXjGWwC2UlbmtcxYOCWQKUWqp,0.0,45,,0.0,,1,1,45,,0.0,,,,,,1,1,https://app.prolific.com/submissions/complete?cc=C1BZPBSV,https://app.prolific.com/submissions/complete?cc=C3YAIOZN,45,,0.0,,,,,,1,1,45,,0.0,,,,,1,1,45,,0.0,,,,,,,,,1,1
46,ej0jubsq,,0,0,16,,,,0,,,0.0,,35yjmge4,,,,,0,1.0,https://app.prolific.com/submissions/complete?cc=C1BZPBSV,6Lfx--MrAAAAAO7TIvOcC7Mbm0iTZykUY6zx4v0t,https://app.prolific.com/submissions/complete?cc=C3YAIOZN,ai_fat_2025,6Lfx--MrAAAAAECmXjGWwC2UlbmtcxYOCWQKUWqp,0.0,46,,0.0,,1,1,46,,0.0,,,,,,1,1,https://app.prolific.com/submissions/complete?cc=C1BZPBSV,https://app.prolific.com/submissions/complete?cc=C3YAIOZN,46,,0.0,,,,,,1,1,46,,0.0,,,,,1,1,46,,0.0,,,,,,,,,1,1
47,delgx8sx,,0,0,16,,,,0,,,0.0,,35yjmge4,,,,,0,1.0,https://app.prolific.com/submissions/complete?cc=C1BZPBSV,6Lfx--MrAAAAAO7TIvOcC7Mbm0iTZykUY6zx4v0t,https://app.prolific.com/submissions/complete?cc=C3YAIOZN,ai_fat_2025,6Lfx--MrAAAAAECmXjGWwC2UlbmtcxYOCWQKUWqp,0.0,47,,0.0,,1,1,47,,0.0,,,,,,1,1,https://app.prolific.com/submissions/complete?cc=C1BZPBSV,https://app.prolific.com/submissions/complete?cc=C3YAIOZN,47,,0.0,,,,,,1,1,47,,0.0,,,,,1,1,47,,0.0,,,,,,,,,1,1
48,6liscp1f,,0,0,16,,,,0,,,0.0,,35yjmge4,,,,,0,1.0,https://app.prolific.com/submissions/complete?cc=C1BZPBSV,6Lfx--MrAAAAAO7TIvOcC7Mbm0iTZykUY6zx4v0t,https://app.prolific.com/submissions/complete?cc=C3YAIOZN,ai_fat_2025,6Lfx--MrAAAAAECmXjGWwC2UlbmtcxYOCWQKUWqp,0.0,48,,0.0,,1,1,48,,0.0,,,,,,1,1,https://app.prolific.com/submissions/complete?cc=C1BZPBSV,https://app.prolific.com/submissions/complete?cc=C3YAIOZN,48,,0.0,,,,,,1,1,48,,0.0,,,,,1,1,48,,0.0,,,,,,,,,1,1
49,6fvmt40p,,0,0,16,,,,0,,,0.0,,35yjmge4,,,,,0,1.0,https://app.prolific.com/submissions/complete?cc=C1BZPBSV,6Lfx--MrAAAAAO7TIvOcC7Mbm0iTZykUY6zx4v0t,https://app.prolific.com/submissions/complete?cc=C3YAIOZN,ai_fat_2025,6Lfx--MrAAAAAECmXjGWwC2UlbmtcxYOCWQKUWqp,0.0,49,,0.0,,1,1,49,,0.0,,,,,,1,1,https://app.prolific.com/submissions/complete?cc=C1BZPBSV,https://app.prolific.com/submissions/complete?cc=C3YAIOZN,49,,0.0,,,,,,1,1,49,,0.0,,,,,1,1,49,,0.0,,,,,,,,,1,1
50,8cl93hsd,,0,0,16,,,,0,,,0.0,,35yjmge4,,,,,0,1.0,https://app.prolific.com/submissions/complete?cc=C1BZPBSV,6Lfx--MrAAAAAO7TIvOcC7Mbm0iTZykUY6zx4v0t,https://app.prolific.com/submissions/complete?cc=C3YAIOZN,ai_fat_2025,6Lfx--MrAAAAAECmXjGWwC2UlbmtcxYOCWQKUWqp,0.0,50,,0.0,,1,1,50,,0.0,,,,,,1,1,https://app.prolific.com/submissions/complete?cc=C1BZPBSV,https://app.prolific.com/submissions/complete?cc=C3YAIOZN,50,,0.0,,,,,,1,1,50,,0.0,,,,,1,1,50,,0.0,,,,,,,,,1,1
51,i2cc8zbu,,0,0,16,,,,0,,,0.0,,35yjmge4,,,,,0,1.0,https://app.prolific.com/submissions/complete?cc=C1BZPBSV,6Lfx--MrAAAAAO7TIvOcC7Mbm0iTZykUY6zx4v0t,https://app.prolific.com/submissions/complete?cc=C3YAIOZN,ai_fat_2025,6Lfx--MrAAAAAECmXjGWwC2UlbmtcxYOCWQKUWqp,0.0,51,,0.0,,1,1,51,,0.0,,,,,,1,1,https://app.prolific.com/submissions/complete?cc=C1BZPBSV,https://app.prolific.com/submissions/complete?cc=C3YAIOZN,51,,0.0,,,,,,1,1,51,,0.0,,,,,1,1,51,,0.0,,,,,,,,,1,1
52,8wdd2yke,,0,0,16,,,,0,,,0.0,,35yjmge4,,,,,0,1.0,https://app.prolific.com/submissions/complete?cc=C1BZPBSV,6Lfx--MrAAAAAO7TIvOcC7Mbm0iTZykUY6zx4v0t,https://app.prolific.com/submissions/complete?cc=C3YAIOZN,ai_fat_2025,6Lfx--MrAAAAAECmXjGWwC2UlbmtcxYOCWQKUWqp,0.0,52,,0.0,,1,1,52,,0.0,,,,,,1,1,https://app.prolific.com/submissions/complete?cc=C1BZPBSV,https://app.prolific.com/submissions/complete?cc=C3YAIOZN,52,,0.0,,,,,,1,1,52,,0.0,,,,,1,1,52,,0.0,,,,,,,,,1,1
53,dv2af98z,,0,0,16,,,,0,,,0.0,,35yjmge4,,,,,0,1.0,https://app.prolific.com/submissions/complete?cc=C1BZPBSV,6Lfx--MrAAAAAO7TIvOcC7Mbm0iTZykUY6zx4v0t,https://app.prolific.com/submissions/complete?cc=C3YAIOZN,ai_fat_2025,6Lfx--MrAAAAAECmXjGWwC2UlbmtcxYOCWQKUWqp,0.0,53,,0.0,,1,1,53,,0.0,,,,,,1,1,https://app.prolific.com/submissions/complete?cc=C1BZPBSV,https://app.prolific.com/submissions/complete?cc=C3YAIOZN,53,,0.0,,,,,,1,1,53,,0.0,,,,,1,1,53,,0.0,,,,,,,,,1,1
54,iag3e4v2,,0,0,16,,,,0,,,0.0,,35yjmge4,,,,,0,1.0,https://app.prolific.com/submissions/complete?cc=C1BZPBSV,6Lfx--MrAAAAAO7TIvOcC7Mbm0iTZykUY6zx4v0t,https://app.prolific.com/submissions/complete?cc=C3YAIOZN,ai_fat_2025,6Lfx--MrAAAAAECmXjGWwC2UlbmtcxYOCWQKUWqp,0.0,54,,0.0,,1,1,54,,0.0,,,,,,1,1,https://app.prolific.com/submissions/complete?cc=C1BZPBSV,https://app.prolific.com/submissions/complete?cc=C3YAIOZN,54,,0.0,,,,,,1,1,54,,0.0,,,,,1,1,54,,0.0,,,,,,,,,1,1
55,299oy9n7,,0,0,16,,,,0,,,0.0,,35yjmge4,,,,,0,1.0,https://app.prolific.com/submissions/complete?cc=C1BZPBSV,6Lfx--MrAAAAAO7TIvOcC7Mbm0iTZykUY6zx4v0t,https://app.prolific.com/submissions/complete?cc=C3YAIOZN,ai_fat_2025,6Lfx--MrAAAAAECmXjGWwC2UlbmtcxYOCWQKUWqp,0.0,55,,0.0,,1,1,55,,0.0,,,,,,1,1,https://app.prolific.com/submissions/complete?cc=C1BZPBSV,https://app.prolific.com/submissions/complete?cc=C3YAIOZN,55,,0.0,,,,,,1,1,55,,0.0,,,,,1,1,55,,0.0,,,,,,,,,1,1
56,6489sase,,0,0,16,,,,0,,,0.0,,35yjmge4,,,,,0,1.0,https://app.prolific.com/submissions/complete?cc=C1BZPBSV,6Lfx--MrAAAAAO7TIvOcC7Mbm0iTZykUY6zx4v0t,https://app.prolific.com/submissions/complete?cc=C3YAIOZN,ai_fat_2025,6Lfx--MrAAAAAECmXjGWwC2UlbmtcxYOCWQKUWqp,0.0,56,,0.0,,1,1,56,,0.0,,,,,,1,1,https://app.prolific.com/submissions/complete?cc=C1BZPBSV,https://app.prolific.com/submissions/complete?cc=C3YAIOZN,56,,0.0,,,,,,1,1,56,,0.0,,,,,1,1,56,,0.0,,,,,,,,,1,1
57,ex5tr4pg,,0,0,16,,,,0,,,0.0,,35yjmge4,,,,,0,1.0,https://app.prolific.com/submissions/complete?cc=C1BZPBSV,6Lfx--MrAAAAAO7TIvOcC7Mbm0iTZykUY6zx4v0t,https://app.prolific.com/submissions/complete?cc=C3YAIOZN,ai_fat_2025,6Lfx--MrAAAAAECmXjGWwC2UlbmtcxYOCWQKUWqp,0.0,57,,0.0,,1,1,57,,0.0,,,,,,1,1,https://app.prolific.com/submissions/complete?cc=C1BZPBSV,https://app.prolific.com/submissions/complete?cc=C3YAIOZN,57,,0.0,,,,,,1,1,57,,0.0,,,,,1,1,57,,0.0,,,,,,,,,1,1
58,c94m2imq,,0,0,16,,,,0,,,0.0,,35yjmge4,,,,,0,1.0,https://app.prolific.com/submissions/complete?cc=C1BZPBSV,6Lfx--MrAAAAAO7TIvOcC7Mbm0iTZykUY6zx4v0t,https://app.prolific.com/submissions/complete?cc=C3YAIOZN,ai_fat_2025,6Lfx--MrAAAAAECmXjGWwC2UlbmtcxYOCWQKUWqp,0.0,58,,0.0,,1,1,58,,0.0,,,,,,1,1,https://app.prolific.com/submissions/complete?cc=C1BZPBSV,https://app.prolific.com/submissions/complete?cc=C3YAIOZN,58,,0.0,,,,,,1,1,58,,0.0,,,,,1,1,58,,0.0,,,,,,,,,1,1
59,hbjjdgu8,,0,0,16,,,,0,,,0.0,,35yjmge4,,,,,0,1.0,https://app.prolific.com/submissions/complete?cc=C1BZPBSV,6Lfx--MrAAAAAO7TIvOcC7Mbm0iTZykUY6zx4v0t,https://app.prolific.com/submissions/complete?cc=C3YAIOZN,ai_fat_2025,6Lfx--MrAAAAAECmXjGWwC2UlbmtcxYOCWQKUWqp,0.0,59,,0.0,,1,1,59,,0.0,,,,,,1,1,https://app.prolific.com/submissions/complete?cc=C1BZPBSV,https://app.prolific.com/submissions/complete?cc=C3YAIOZN,59,,0.0,,,,,,1,1,59,,0.0,,,,,1,1,59,,0.0,,,,,,,,,1,1
60,s42czred,,0,0,16,,,,0,,,0.0,,35yjmge4,,,,,0,1.0,https://app.prolific.com/submissions/complete?cc=C1BZPBSV,6Lfx--MrAAAAAO7TIvOcC7Mbm0iTZykUY6zx4v0t,https://app.prolific.com/submissions/complete?cc=C3YAIOZN,ai_fat_2025,6Lfx--MrAAAAAECmXjGWwC2UlbmtcxYOCWQKUWqp,0.0,60,,0.0,,1,1,60,,0.0,,,,,,1,1,https://app.prolific.com/submissions/complete?cc=C1BZPBSV,https://app.prolific.com/submissions/complete?cc=C3YAIOZN,60,,0.0,,,,,,1,1,60,,0.0,,,,,1,1,60,,0.0,,,,,,,,,1,1
